isRanked,startTime,endTime,zoneId,duration,teamName,teamColor,winnerColor,teamPlayerName1,teamPlayerName2,teamPlayerName3,teamPlayerName4,teamPlayerName5,teamPlayerClass1,teamPlayerClass2,teamPlayerClass3,teamPlayerClass4,teamPlayerClass5,teamPlayerRace1,teamPlayerRace2,teamPlayerRace3,teamPlayerRace4,teamPlayerRace5,oldTeamRating,newTeamRating,diffRating,mmr,enemyOldTeamRating,enemyNewTeamRating,enemyDiffRating,enemyMmr,enemyTeamName,enemyPlayerName1,enemyPlayerName2,enemyPlayerName3,enemyPlayerName4,enemyPlayerName5,enemyPlayerClass1,enemyPlayerClass2,enemyPlayerClass3,enemyPlayerClass4,enemyPlayerClass5,enemyPlayerRace1,enemyPlayerRace2,enemyPlayerRace3,enemyPlayerRace4,enemyPlayerRace5,enemyFaction
YES,1668979677,1668979814,559,137,,GREEN,GOLD,Cope,Drpain,,,,DEATHKNIGHT,DEATHKNIGHT,,,,HUMAN,HUMAN,,,,1223,1212,-11,1240,1272,1283,11,1251,,Grumpylunkns-Whitemane,Limpyllama-Whitemane,,,,DRUID,PRIEST,,,,TAUREN,UNDEAD,,,,HORDE,
YES,1668979903,1668980024,562,121,,GREEN,GOLD,Cope,Drpain,,,,DEATHKNIGHT,DEATHKNIGHT,,,,HUMAN,HUMAN,,,,1212,1200,-12,1215,1185,1201,16,1215,,Initially-Eranikus,Lichqueén-Eranikus,,,,PALADIN,DEATHKNIGHT,,,,BLOODELF,BLOODELF,,,,HORDE,
YES,1668980024,1668980151,572,127,,GOLD,GOLD,Cope,Drpain,,,,DEATHKNIGHT,DEATHKNIGHT,,,,HUMAN,HUMAN,,,,1200,1212,12,1188,1160,1149,-11,1190,,Shankmor-Eranikus,Summonlight-Eranikus,,,,ROGUE,PALADIN,,,,UNDEAD,BLOODELF,,,,HORDE,
YES,1668980152,1668980336,562,184,,GREEN,GOLD,Cope,Drpain,,,,DEATHKNIGHT,DEATHKNIGHT,,,,HUMAN,HUMAN,,,,1213,1201,-12,1215,1236,1247,11,1220,,Eldredx-Grobbulus,Holybeast-Grobbulus,,,,ROGUE,PALADIN,,,,HUMAN,HUMAN,,,,ALLIANCE,
YES,1668980336,1668980460,617,124,,GREEN,GREEN,Cope,Drpain,,,,DEATHKNIGHT,DEATHKNIGHT,,,,HUMAN,HUMAN,,,,1201,1212,11,1189,1138,1128,-10,1183,,Benjackinit-Sulfuras,Lemonshock-Sulfuras,,,,MAGE,SHAMAN,,,,GNOME,DRAENEI,,,,ALLIANCE,
YES,1668980460,1668980637,562,177,,GOLD,GOLD,Cope,Drpain,,,,DEATHKNIGHT,DEATHKNIGHT,,,,HUMAN,HUMAN,,,,1214,1226,12,1215,1176,1165,-11,1205,,Kyry-OldBlanchy,Lovestospoge-OldBlanchy,,,,DRUID,SHAMAN,,,,TAUREN,TROLL,,,,HORDE,
YES,1668980637,1668980799,562,162,,GOLD,GOLD,Drpain,Cope,,,,DEATHKNIGHT,DEATHKNIGHT,,,,HUMAN,HUMAN,,,,1228,1247,19,1240,866,866,0,1384,,Deathrollz-Benediction,Whortitude-Benediction,,,,WARRIOR,PRIEST,,,,HUMAN,NIGHTELF,,,,ALLIANCE,
YES,1668980799,1668981169,617,370,,GOLD,GREEN,Cope,Drpain,,,,DEATHKNIGHT,DEATHKNIGHT,,,,HUMAN,HUMAN,,,,1249,1238,-11,1280,1330,1340,10,1284,,Dkwhopper-Eranikus,Tootybooty-Eranikus,,,,DEATHKNIGHT,PRIEST,,,,BLOODELF,UNDEAD,,,,HORDE,
YES,1668981170,1668981319,572,149,,GREEN,GOLD,Cope,Drpain,,,,DEATHKNIGHT,DEATHKNIGHT,,,,HUMAN,HUMAN,,,,1238,1226,-12,1255,1087,1129,42,1252,,Mindmandarin-Benediction,Rhapsodyx-Benediction,,,,PALADIN,DEATHKNIGHT,,,,HUMAN,HUMAN,,,,ALLIANCE,
YES,1668981320,1668981439,559,119,,GOLD,GOLD,Cope,Drpain,,,,DEATHKNIGHT,DEATHKNIGHT,,,,HUMAN,HUMAN,,,,1226,1238,12,1228,1233,1221,-12,1228,,Bruiñ-Benediction,Ectriir-Benediction,,,,DRUID,HUNTER,,,,NIGHTELF,NIGHTELF,,,,ALLIANCE,
YES,1669084384,1669084472,617,88,,GREEN,GREEN,Cope,Opsec,,,,DEATHKNIGHT,PALADIN,,,,HUMAN,HUMAN,,,,1297,1309,12,1290,1284,1272,-12,1287,,Bowadin-Mankrik,Haikudied-Mankrik,,,,PALADIN,DEATHKNIGHT,,,,BLOODELF,ORC,,,,HORDE,
YES,1669084472,1669084659,617,187,,GOLD,GOLD,Cope,Opsec,,,,DEATHKNIGHT,PALADIN,,,,HUMAN,HUMAN,,,,1309,1323,14,1316,1298,1287,-11,1331,,Kånye-Whitemane,Skîp-Whitemane,,,,ROGUE,PALADIN,,,,UNDEAD,BLOODELF,,,,HORDE,
YES,1669084659,1669084969,572,310,,GREEN,GOLD,Cope,Opsec,,,,DEATHKNIGHT,PALADIN,,,,HUMAN,HUMAN,,,,1322,1311,-11,1345,1393,1403,10,1354,,Desttripador,Leopardd,,,,WARRIOR,PALADIN,,,,HUMAN,HUMAN,,,,ALLIANCE,
YES,1669084969,1669085131,572,162,,GREEN,GREEN,Cope,Opsec,,,,DEATHKNIGHT,PALADIN,,,,HUMAN,HUMAN,,,,1311,1325,14,1320,1255,1245,-10,1328,,Byrndrop-Sulfuras,Fluabu-Sulfuras,,,,PRIEST,DRUID,,,,HUMAN,NIGHTELF,,,,ALLIANCE,
YES,1669085131,1669085346,562,215,,GREEN,GREEN,Cope,Opsec,,,,DEATHKNIGHT,PALADIN,,,,HUMAN,HUMAN,,,,1325,1340,15,1347,1377,1364,-13,1348,,Avelorà-Benediction,Fingersteak-Benediction,,,,PRIEST,DRUID,,,,HUMAN,NIGHTELF,,,,ALLIANCE,
YES,1669085346,1669085916,572,570,,GREEN,GREEN,Cope,Opsec,,,,DEATHKNIGHT,PALADIN,,,,HUMAN,HUMAN,,,,1340,1357,17,1374,1347,1336,-11,1370,,Bigdaddý-Faerlina,Gampi-Faerlina,,,,WARRIOR,PALADIN,,,,ORC,BLOODELF,,,,HORDE,
YES,1669085916,1669086147,572,231,,GREEN,GOLD,Cope,Opsec,,,,DEATHKNIGHT,PALADIN,,,,HUMAN,HUMAN,,,,1357,1346,-11,1399,1374,1388,14,1385,,Togepi-Benediction,Puppylion-Benediction,,,,PALADIN,HUNTER,,,,HUMAN,NIGHTELF,,,,ALLIANCE,
YES,1669086147,1669086361,562,214,,GREEN,GOLD,Cope,Opsec,,,,DEATHKNIGHT,PALADIN,,,,HUMAN,HUMAN,,,,1346,1335,-11,1371,1386,1397,11,1370,,Xpn-Grobbulus,Oeii-Grobbulus,,,,DEATHKNIGHT,PRIEST,,,,ORC,UNDEAD,,,,HORDE,
YES,1669086361,1669086501,559,140,,GOLD,GOLD,Cope,Opsec,,,,DEATHKNIGHT,PALADIN,,,,HUMAN,HUMAN,,,,1335,1348,13,1345,1283,1273,-10,1337,,Moolander,Snarff,,,,DRUID,DEATHKNIGHT,,,,TAUREN,ORC,,,,HORDE,
YES,1669086501,1669086691,617,190,,GOLD,GOLD,Cope,Opsec,,,,DEATHKNIGHT,PALADIN,,,,HUMAN,HUMAN,,,,1348,1363,15,1370,1372,1360,-12,1364,,Billybuffalo-Whitemane,Nefi-Whitemane,,,,MAGE,PRIEST,,,,UNDEAD,BLOODELF,,,,HORDE,
YES,1669086691,1669086981,562,290,,GREEN,GREEN,Cope,Opsec,,,,DEATHKNIGHT,PALADIN,,,,HUMAN,HUMAN,,,,1363,1380,17,1395,1430,1417,-13,1406,,Boshea-Eranikus,Slimreap-Eranikus,,,,ROGUE,MAGE,,,,UNDEAD,UNDEAD,,,,HORDE,
YES,1669086981,1669087172,559,191,,GOLD,GREEN,Cope,Opsec,,,,DEATHKNIGHT,PALADIN,,,,HUMAN,HUMAN,,,,1381,1370,-11,1423,1432,1444,12,1422,,Quikseven-Sulfuras,Drinkbooze-Sulfuras,,,,PRIEST,SHAMAN,,,,DRAENEI,DRAENEI,,,,ALLIANCE,
YES,1669087172,1669087314,617,142,,GOLD,GOLD,Cope,Opsec,,,,DEATHKNIGHT,PALADIN,,,,HUMAN,HUMAN,,,,1370,1386,16,1397,1412,1399,-13,1401,,Christus-Pagle,Loganitus-Pagle,,,,PRIEST,WARRIOR,,,,HUMAN,HUMAN,,,,ALLIANCE,
YES,1669087314,1669087746,617,432,,GOLD,GOLD,Cope,Opsec,,,,DEATHKNIGHT,PALADIN,,,,HUMAN,HUMAN,,,,1387,1404,17,1423,1368,1358,-10,1423,,Akiopal-Windseeker,Ratmovie-Windseeker,,,,PALADIN,WARRIOR,,,,BLOODELF,ORC,,,,HORDE,
YES,1669087746,1669089042,617,1296,,GOLD,GOLD,Cope,Opsec,,,,DEATHKNIGHT,PALADIN,,,,HUMAN,HUMAN,,,,1404,1432,28,1450,948,948,0,1685,,Jvsxn-Benediction,Tankokingg-Benediction,,,,ROGUE,PALADIN,,,,HUMAN,HUMAN,,,,ALLIANCE,
YES,1669089043,1669089234,562,191,,GOLD,GREEN,Cope,Opsec,,,,DEATHKNIGHT,PALADIN,,,,HUMAN,HUMAN,,,,1432,1423,-9,1494,1436,1459,23,1513,,Johnnybreeco-Faerlina,Urlacherx-Faerlina,,,,DRUID,PRIEST,,,,TAUREN,TROLL,,,,HORDE,
YES,1669089234,1669089512,572,278,,GOLD,GREEN,Cope,Opsec,,,,DEATHKNIGHT,PALADIN,,,,HUMAN,HUMAN,,,,1423,1413,-10,1471,1333,1369,36,1471,,Cheetos,Beatriz,,,,SHAMAN,PALADIN,,,,ORC,BLOODELF,,,,HORDE,
YES,1669089512,1669089797,559,285,,GREEN,GOLD,Cope,Opsec,,,,DEATHKNIGHT,PALADIN,,,,HUMAN,HUMAN,,,,1413,1402,-11,1445,1463,1474,11,1440,,Daddydivine-Sulfuras,Saketome-Sulfuras,,,,PALADIN,WARRIOR,,,,BLOODELF,TAUREN,,,,HORDE,
YES,1669089798,1669090293,559,495,,GOLD,GREEN,Cope,Opsec,,,,DEATHKNIGHT,PALADIN,,,,HUMAN,HUMAN,,,,1402,1391,-11,1418,1425,1437,12,1420,,Cannie-Benediction,Thebossheale-Benediction,,,,WARRIOR,PALADIN,,,,GNOME,HUMAN,,,,ALLIANCE,
YES,1669090293,1669090872,562,579,,GOLD,GOLD,Cope,Opsec,,,,DEATHKNIGHT,PALADIN,,,,HUMAN,HUMAN,,,,1391,1403,12,1392,1342,1332,-10,1390,,Donaldj-Grobbulus,Malamis-Grobbulus,,,,WARRIOR,DRUID,,,,HUMAN,NIGHTELF,,,,ALLIANCE,
YES,1669090872,1669091134,572,262,,GREEN,GREEN,Cope,Opsec,,,,DEATHKNIGHT,PALADIN,,,,HUMAN,HUMAN,,,,1403,1417,14,1418,1419,1407,-12,1424,,Littlej-Benediction,Vysenya-Benediction,,,,MAGE,PRIEST,,,,HUMAN,HUMAN,,,,ALLIANCE,
YES,1669091134,1669091282,562,148,,GOLD,GOLD,Cope,Opsec,,,,DEATHKNIGHT,PALADIN,,,,HUMAN,HUMAN,,,,1418,1434,16,1445,1409,1398,-11,1448,,Blastingdk-Whitemane,Manbearpally-Whitemane,,,,DEATHKNIGHT,PALADIN,,,,TROLL,BLOODELF,,,,HORDE,
YES,1669091282,1669091490,562,208,,GREEN,GOLD,Cope,Opsec,,,,DEATHKNIGHT,PALADIN,,,,HUMAN,HUMAN,,,,1434,1423,-11,1472,1492,1503,11,1459,,Nhojx-Mankrik,Roons-Mankrik,,,,PRIEST,MAGE,,,,UNDEAD,UNDEAD,,,,HORDE,
YES,1669091490,1669091671,572,181,,GOLD,GOLD,Cope,Opsec,,,,DEATHKNIGHT,PALADIN,,,,HUMAN,HUMAN,,,,1423,1438,15,1444,1405,1394,-11,1440,,Flexso-Sulfuras,Watchxlearn-Sulfuras,,,,PRIEST,DEATHKNIGHT,,,,UNDEAD,ORC,,,,HORDE,
YES,1669091671,1669091927,617,256,,GOLD,GREEN,Cope,Opsec,,,,DEATHKNIGHT,PALADIN,,,,HUMAN,HUMAN,,,,1438,1427,-11,1469,1479,1491,12,1477,,Rbko,Saiyana,,,,DRUID,PRIEST,,,,NIGHTELF,HUMAN,,,,ALLIANCE,
YES,1669091927,1669092247,572,320,,GOLD,GREEN,Cope,Opsec,,,,DEATHKNIGHT,PALADIN,,,,HUMAN,HUMAN,,,,1427,1416,-11,1444,1416,1432,16,1444,,Sanc-Grobbulus,Wxx-Grobbulus,,,,PALADIN,WARRIOR,,,,BLOODELF,ORC,,,,HORDE,
YES,1669092247,1669092459,562,212,,GOLD,GREEN,Cope,Opsec,,,,DEATHKNIGHT,PALADIN,,,,HUMAN,HUMAN,,,,1416,1404,-12,1418,1423,1435,12,1418,,Arenaslave-Benediction,Blizrdsuport-Benediction,,,,DRUID,PRIEST,,,,NIGHTELF,HUMAN,,,,ALLIANCE,
YES,1669092459,1669092769,562,310,,GOLD,GREEN,Cope,Opsec,,,,DEATHKNIGHT,PALADIN,,,,HUMAN,HUMAN,,,,1404,1392,-12,1392,1385,1398,13,1393,,Eldinora-Eranikus,Murderstein-Eranikus,,,,ROGUE,PRIEST,,,,HUMAN,HUMAN,,,,ALLIANCE,
YES,1669092769,1669092983,617,214,,GREEN,GOLD,Cope,Opsec,,,,DEATHKNIGHT,PALADIN,,,,HUMAN,HUMAN,,,,1392,1379,-13,1366,1439,1449,10,1373,,Kyogen-Grobbulus,Reyädon-Grobbulus,,,,PRIEST,ROGUE,,,,UNDEAD,UNDEAD,,,,HORDE,
YES,1669252113,1669252484,562,371,,GOLD,GREEN,Cope,Opsec,,,,DEATHKNIGHT,PALADIN,,,,HUMAN,HUMAN,,,,1379,1366,-13,1350,1338,1352,14,1352,,Dunkr-Grobbulus,Horndoggie-Grobbulus,,,,WARRIOR,DRUID,,,,TROLL,TAUREN,,,,HORDE,
YES,1669252485,1669253108,562,623,,GREEN,GREEN,Cope,Opsec,,,,DEATHKNIGHT,PALADIN,,,,HUMAN,HUMAN,,,,1366,1377,11,1324,1310,1298,-12,1332,,Blackthòrn-Grobbulus,Hotdog-Grobbulus,,,,PALADIN,WARRIOR,,,,HUMAN,HUMAN,,,,ALLIANCE,
YES,1669253108,1669253601,559,493,,GREEN,GREEN,Cope,Opsec,,,,DEATHKNIGHT,PALADIN,,,,HUMAN,HUMAN,,,,1377,1387,10,1352,1369,1356,-13,1332,,Ogruzin-Eranikus,Palabranco-Eranikus,,,,WARRIOR,PALADIN,,,,ORC,BLOODELF,,,,HORDE,
YES,1669253601,1669253922,617,321,,GOLD,GREEN,Cope,Opsec,,,,DEATHKNIGHT,PALADIN,,,,HUMAN,HUMAN,,,,1388,1375,-13,1375,1361,1375,14,1372,,Orvilledk-Whitemane,Raaged-Whitemane,,,,DEATHKNIGHT,PRIEST,,,,ORC,UNDEAD,,,,HORDE,
YES,1669253923,1669254217,559,294,,GOLD,GOLD,Cope,Opsec,,,,DEATHKNIGHT,PALADIN,,,,HUMAN,HUMAN,,,,1375,1386,11,1348,1353,1341,-12,1345,,Brocodex-Earthfury,Deadbutt-Earthfury,,,,PRIEST,DEATHKNIGHT,,,,HUMAN,HUMAN,,,,ALLIANCE,
YES,1669254217,1669254392,572,175,,GOLD,GOLD,Cope,Opsec,,,,DEATHKNIGHT,PALADIN,,,,HUMAN,HUMAN,,,,1386,1402,16,1374,943,943,0,1500,,Dhaverik-Earthfury,Rëkriah-Earthfury,,,,DEATHKNIGHT,SHAMAN,,,,HUMAN,DRAENEI,,,,ALLIANCE,
YES,1669254392,1669254569,562,177,,GREEN,GOLD,Cope,,,,,DEATHKNIGHT,,,,,HUMAN,,,,,1402,1391,-11,1415,1453,1464,11,1436,,Rackmove-Benediction,Ruis-Benediction,,,,PALADIN,PRIEST,,,,HUMAN,HUMAN,,,,ALLIANCE,
YES,1669254570,1669255139,562,569,,GOLD,GOLD,Cope,Opsec,,,,DEATHKNIGHT,PALADIN,,,,HUMAN,HUMAN,,,,1391,1403,12,1392,1392,1380,-12,1395,,Kyloret-Atiesh,Loserrogues-Atiesh,,,,PALADIN,SHAMAN,,,,BLOODELF,TAUREN,,,,HORDE,
YES,1669255140,1669255427,617,287,,GOLD,GREEN,Cope,Opsec,,,,DEATHKNIGHT,PALADIN,,,,HUMAN,HUMAN,,,,1403,1392,-11,1418,1424,1436,12,1428,,Ciej-Faerlina,Läte-Faerlina,,,,PALADIN,WARRIOR,,,,BLOODELF,UNDEAD,,,,HORDE,
YES,1669255428,1669255803,559,375,,GREEN,GREEN,Cope,Opsec,,,,DEATHKNIGHT,PALADIN,,,,HUMAN,HUMAN,,,,1392,1404,12,1394,1362,1351,-11,1389,,Eilf-Grobbulus,Revwenged-Grobbulus,,,,PALADIN,WARRIOR,,,,BLOODELF,ORC,,,,HORDE,
YES,1669255803,1669255989,559,186,,GOLD,GREEN,Cope,Opsec,,,,DEATHKNIGHT,PALADIN,,,,HUMAN,HUMAN,,,,1404,1393,-11,1419,1418,1433,15,1447,,Drdisfigure-Westfall,Comfypillow-Westfall,,,,DEATHKNIGHT,PRIEST,,,,HUMAN,DWARF,,,,ALLIANCE,
YES,1669255990,1669256157,572,167,,GREEN,GOLD,Cope,Opsec,,,,DEATHKNIGHT,PALADIN,,,,HUMAN,HUMAN,,,,1394,1382,-12,1397,1380,1395,15,1406,,Latersqt-Whitemane,Pfunq-Whitemane,,,,DRUID,MAGE,,,,TAUREN,UNDEAD,,,,HORDE,
YES,1669256158,1669256463,559,305,,GREEN,GREEN,Cope,Opsec,,,,DEATHKNIGHT,PALADIN,,,,HUMAN,HUMAN,,,,1382,1393,11,1372,1321,1311,-10,1365,,Irkbaby-Mankrik,Vevern-Mankrik,,,,WARRIOR,PRIEST,,,,ORC,UNDEAD,,,,HORDE,
YES,1669256463,1669256803,562,340,,GOLD,GOLD,Cope,Opsec,,,,DEATHKNIGHT,PALADIN,,,,HUMAN,HUMAN,,,,1393,1406,13,1397,1396,1384,-12,1400,,Holyskwabz-Faerlina,Valdeath-Faerlina,,,,PALADIN,DEATHKNIGHT,,,,BLOODELF,TAUREN,,,,HORDE,
YES,1669256803,1669257032,562,229,,GREEN,GREEN,Cope,Opsec,,,,DEATHKNIGHT,PALADIN,,,,HUMAN,HUMAN,,,,1406,1421,15,1424,1446,1433,-13,1445,,Finnicon-Faerlina,Szm-Faerlina,,,,WARLOCK,SHAMAN,,,,ORC,TAUREN,,,,HORDE,
YES,1669257033,1669257428,559,395,,GOLD,GREEN,Cope,Opsec,,,,DEATHKNIGHT,PALADIN,,,,HUMAN,HUMAN,,,,1421,1410,-11,1453,1442,1454,12,1443,,Zugsnotdrugs-Eranikus,Raeghar-Eranikus,,,,WARRIOR,PALADIN,,,,ORC,BLOODELF,,,,HORDE,
YES,1669257429,1669257570,617,141,,GOLD,GOLD,Cope,Opsec,,,,DEATHKNIGHT,PALADIN,,,,HUMAN,HUMAN,,,,1410,1425,15,1426,1476,1462,-14,1434,,Daysix-Benediction,Devvlol-Benediction,,,,ROGUE,MAGE,,,,HUMAN,HUMAN,,,,ALLIANCE,
YES,1669257571,1669257739,572,168,,GREEN,GOLD,Cope,Opsec,,,,DEATHKNIGHT,PALADIN,,,,HUMAN,HUMAN,,,,1425,1414,-11,1453,1419,1436,17,1451,,Jpon-Grobbulus,Wetardid-Grobbulus,,,,ROGUE,PRIEST,,,,UNDEAD,UNDEAD,,,,HORDE,
YES,1669257739,1669257929,572,190,,GREEN,GOLD,Cope,Opsec,,,,DEATHKNIGHT,PALADIN,,,,HUMAN,HUMAN,,,,1414,1402,-12,1427,1381,1400,19,1427,,Literalalien-Faerlina,Thiccpawg-Faerlina,,,,SHAMAN,PALADIN,,,,ORC,BLOODELF,,,,HORDE,
YES,1669257930,1669258158,559,228,,GOLD,GOLD,Cope,Opsec,,,,DEATHKNIGHT,PALADIN,,,,HUMAN,HUMAN,,,,1402,1414,12,1400,1426,1413,-13,1404,,Meista-Grobbulus,Snipergoat-Grobbulus,,,,PRIEST,HUNTER,,,,DRAENEI,DRAENEI,,,,ALLIANCE,
YES,1669258158,1669258873,562,715,,GREEN,GOLD,Cope,Opsec,,,,DEATHKNIGHT,PALADIN,,,,HUMAN,HUMAN,,,,1414,1402,-12,1427,1428,1440,12,1424,,Fjp-Faerlina,Shlonk-Faerlina,,,,WARRIOR,PALADIN,,,,ORC,BLOODELF,,,,HORDE,
YES,1669258873,1669259079,562,206,,GREEN,GREEN,Cope,Opsec,,,,DEATHKNIGHT,PALADIN,,,,HUMAN,HUMAN,,,,1402,1414,12,1400,1377,1366,-11,1398,,Skyeatsyou,Thully,,,,WARLOCK,DRUID,,,,HUMAN,NIGHTELF,,,,ALLIANCE,
YES,1669259079,1669259599,617,520,,GREEN,GREEN,Cope,Opsec,,,,DEATHKNIGHT,PALADIN,,,,HUMAN,HUMAN,,,,1414,1428,14,1426,1450,1437,-13,1429,,Cleare-Eranikus,Haakaii-Eranikus,,,,PALADIN,DEATHKNIGHT,,,,BLOODELF,TROLL,,,,HORDE,
YES,1669259599,1669259839,572,240,,GREEN,GREEN,Cope,Opsec,,,,DEATHKNIGHT,PALADIN,,,,HUMAN,HUMAN,,,,1428,1444,16,1453,1385,1375,-10,1455,,Mazecrazed-Maladath,Profits-Maladath,,,,PRIEST,DEATHKNIGHT,,,,HUMAN,HUMAN,,,,ALLIANCE,
YES,1669259839,1669260105,617,266,,GREEN,GOLD,Cope,Opsec,,,,DEATHKNIGHT,PALADIN,,,,HUMAN,HUMAN,,,,1444,1433,-11,1480,1461,1475,14,1472,,Turtlefood-Benediction,Jesxr-Benediction,,,,WARRIOR,PALADIN,,,,GNOME,HUMAN,,,,ALLIANCE,
YES,1669260105,1669260385,562,280,,GREEN,GOLD,Cope,Opsec,,,,DEATHKNIGHT,PALADIN,,,,HUMAN,HUMAN,,,,1433,1421,-12,1452,1369,1394,25,1446,,Tiána-Sulfuras,Jiraff-Sulfuras,,,,PALADIN,PRIEST,,,,BLOODELF,BLOODELF,,,,HORDE,
YES,1669260386,1669260620,617,234,,GREEN,GOLD,Cope,Opsec,,,,DEATHKNIGHT,PALADIN,,,,HUMAN,HUMAN,,,,1421,1408,-13,1425,1421,1433,12,1402,,Ghear-Mankrik,Impaleinside-Mankrik,,,,PALADIN,DEATHKNIGHT,,,,BLOODELF,ORC,,,,HORDE,
YES,1669260620,1669260806,572,186,,GREEN,GREEN,Cope,Opsec,,,,DEATHKNIGHT,PALADIN,,,,HUMAN,HUMAN,,,,1408,1420,12,1395,1369,1358,-11,1399,,Crïxús-Earthfury,Spärtäcus-Earthfury,,,,PALADIN,WARRIOR,,,,HUMAN,HUMAN,,,,ALLIANCE,
YES,1669260806,1669261014,572,208,,GREEN,GREEN,Cope,Opsec,,,,DEATHKNIGHT,PALADIN,,,,HUMAN,HUMAN,,,,1420,1432,12,1422,1461,1448,-13,1416,,Ozsake-Grobbulus,Vets-Grobbulus,,,,MAGE,ROGUE,,,,UNDEAD,UNDEAD,,,,HORDE,
YES,1669261014,1669261190,559,176,,GOLD,GREEN,Cope,Opsec,,,,DEATHKNIGHT,PALADIN,,,,HUMAN,HUMAN,,,,1432,1420,-12,1447,1409,1426,17,1438,,Defuhx-Grobbulus,Fatshift-Grobbulus,,,,ROGUE,DRUID,,,,HUMAN,NIGHTELF,,,,ALLIANCE,
YES,1669261190,1669261395,617,205,,GOLD,GREEN,Cope,Opsec,,,,DEATHKNIGHT,PALADIN,,,,HUMAN,HUMAN,,,,1420,1408,-12,1420,1388,1405,17,1426,,Tihshew-Benediction,Kootzz-Benediction,,,,WARRIOR,DRUID,,,,HUMAN,NIGHTELF,,,,ALLIANCE,
YES,1669261395,1669261573,562,178,,GREEN,GREEN,Opsec,Cope,,,,PALADIN,DEATHKNIGHT,,,,HUMAN,HUMAN,,,,1408,1419,11,1394,1368,1357,-11,1386,,Janness-Faerlina,Josedeodo-Faerlina,,,,DRUID,ROGUE,,,,TAUREN,UNDEAD,,,,HORDE,
YES,1669261573,1669261744,572,171,,GOLD,GREEN,Cope,Opsec,,,,DEATHKNIGHT,PALADIN,,,,HUMAN,HUMAN,,,,1419,1407,-12,1419,1424,1437,13,1432,,Pantsdk-Benediction,Shmorpheus-Benediction,,,,DEATHKNIGHT,SHAMAN,,,,HUMAN,DRAENEI,,,,ALLIANCE,
YES,1669261744,1669261887,572,143,,GREEN,GREEN,Cope,Opsec,,,,DEATHKNIGHT,PALADIN,,,,HUMAN,HUMAN,,,,1407,1419,12,1395,1419,1406,-13,1395,,Fallend-Benediction,Potatoz-Benediction,,,,ROGUE,DRUID,,,,DWARF,NIGHTELF,,,,ALLIANCE,
YES,1669261887,1669262187,562,300,,GREEN,GREEN,Cope,Opsec,,,,DEATHKNIGHT,PALADIN,,,,HUMAN,HUMAN,,,,1419,1432,13,1421,1428,1416,-12,1432,,Dreamsphere-Westfall,Storyupbud-Westfall,,,,DRUID,PRIEST,,,,NIGHTELF,HUMAN,,,,ALLIANCE,
YES,1669262187,1669262423,572,236,,GREEN,GOLD,Cope,Opsec,,,,DEATHKNIGHT,PALADIN,,,,HUMAN,HUMAN,,,,1432,1421,-11,1449,1418,1435,17,1456,,Flexso-Sulfuras,Reggay-Sulfuras,,,,PRIEST,ROGUE,,,,UNDEAD,UNDEAD,,,,HORDE,
YES,1669262423,1669262669,562,246,,GREEN,GOLD,Cope,Opsec,,,,DEATHKNIGHT,PALADIN,,,,HUMAN,HUMAN,,,,1421,1409,-12,1424,1406,1420,14,1421,,Broloh-Grobbulus,Misunfortune-Grobbulus,,,,WARRIOR,PALADIN,,,,HUMAN,HUMAN,,,,ALLIANCE,
YES,1669262670,1669262830,559,160,,GOLD,GOLD,Opsec,Cope,,,,PALADIN,DEATHKNIGHT,,,,HUMAN,HUMAN,,,,1409,1420,11,1397,1359,1348,-11,1385,,Scamandrius-Whitemane,Vedran-Whitemane,,,,DRUID,ROGUE,,,,TAUREN,ORC,,,,HORDE,
YES,1669262830,1669263020,559,190,,GREEN,GREEN,Cope,Opsec,,,,DEATHKNIGHT,PALADIN,,,,HUMAN,HUMAN,,,,1420,1431,11,1422,1410,1398,-12,1397,,Gråy-Whitemane,Lootiez-Whitemane,,,,PRIEST,ROGUE,,,,UNDEAD,UNDEAD,,,,HORDE,
YES,1669263020,1669263165,559,145,,GOLD,GREEN,Cope,Opsec,,,,DEATHKNIGHT,PALADIN,,,,HUMAN,HUMAN,,,,1431,1420,-11,1444,1419,1436,17,1452,,Iamclutch-Faerlina,Krysm-Faerlina,,,,ROGUE,MAGE,,,,ORC,UNDEAD,,,,HORDE,
YES,1669263165,1669263400,559,235,,GOLD,GREEN,Cope,Opsec,,,,DEATHKNIGHT,PALADIN,,,,HUMAN,HUMAN,,,,1420,1408,-12,1419,1416,1428,12,1413,,Lolstorm-Whitemane,Ginster-Whitemane,,,,WARRIOR,PRIEST,,,,ORC,UNDEAD,,,,HORDE,
YES,1669263401,1669263708,562,307,,GOLD,GREEN,Cope,Opsec,,,,DEATHKNIGHT,PALADIN,,,,HUMAN,HUMAN,,,,1408,1396,-12,1392,1422,1433,11,1399,,Moonveilz-Sulfuras,Shuangpinai-Sulfuras,,,,DEATHKNIGHT,PALADIN,,,,ORC,BLOODELF,,,,HORDE,
YES,1669263708,1669264055,617,347,,GREEN,GOLD,Cope,Opsec,,,,DEATHKNIGHT,PALADIN,,,,HUMAN,HUMAN,,,,1396,1383,-13,1367,1384,1395,11,1378,,Necrøspawn-Eranikus,Wooget-Eranikus,,,,DEATHKNIGHT,PRIEST,,,,ORC,UNDEAD,,,,HORDE,
YES,1669264055,1669264765,562,710,,GREEN,GOLD,Cope,Opsec,,,,DEATHKNIGHT,PALADIN,,,,HUMAN,HUMAN,,,,1383,1370,-13,1342,1338,1352,14,1353,,Majingassed-Grobbulus,Majinchown-Grobbulus,,,,HUNTER,PRIEST,,,,DWARF,DWARF,,,,ALLIANCE,
YES,1669264765,1669264963,617,198,,GREEN,GOLD,Cope,Opsec,,,,DEATHKNIGHT,PALADIN,,,,HUMAN,HUMAN,,,,1370,1356,-14,1318,1299,1314,15,1324,,Zabbx-Pagle,Aurialle-Pagle,,,,PRIEST,ROGUE,,,,HUMAN,HUMAN,,,,ALLIANCE,
YES,1669264964,1669265153,572,189,,GOLD,GREEN,Cope,Opsec,,,,DEATHKNIGHT,PALADIN,,,,HUMAN,HUMAN,,,,1356,1342,-14,1293,1286,1298,12,1287,,Booked-Eranikus,Pingutitan-Eranikus,,,,WARRIOR,PALADIN,,,,ORC,BLOODELF,,,,HORDE,
YES,1669265153,1669265582,572,429,,GREEN,GREEN,Cope,Backwoods,Opsec,,,DEATHKNIGHT,WARRIOR,PALADIN,,,HUMAN,HUMAN,HUMAN,,,459,552,93,1474,1011,1009,-2,1074,,Aldraenstein-Benediction,Cakesoap-Benediction,Iwannabeurgf-Benediction,,,SHAMAN,ROGUE,DRUID,,,DRAENEI,HUMAN,NIGHTELF,,,ALLIANCE,
YES,1669265582,1669265792,559,210,,GOLD,GOLD,Cope,Backwoods,Opsec,,,DEATHKNIGHT,WARRIOR,PALADIN,,,HUMAN,HUMAN,HUMAN,,,524,619,95,1481,790,790,0,1346,,Kinëtic-Benediction,Naebliz-Benediction,Saigot-Benediction,,,ROGUE,PRIEST,PALADIN,,,HUMAN,HUMAN,HUMAN,,,ALLIANCE,
YES,1669265793,1669266015,617,222,,GREEN,GREEN,Cope,Backwoods,Opsec,,,DEATHKNIGHT,WARRIOR,PALADIN,,,HUMAN,HUMAN,HUMAN,,,592,685,93,1529,1001,1001,0,1217,,Doroxius-Mankrik,Fetacheesy-Mankrik,Halfwicked-Mankrik,,,PALADIN,DEATHKNIGHT,PRIEST,,,BLOODELF,BLOODELF,UNDEAD,,,HORDE,
YES,1669266016,1669266214,617,198,,GREEN,GREEN,Backwoods,Cope,Opsec,,,WARRIOR,DEATHKNIGHT,PALADIN,,,HUMAN,HUMAN,HUMAN,,,658,751,93,1541,1003,1003,0,1255,,Freeduhm-Benediction,Loudpkjonson-Benediction,Tópgün-Benediction,,,PALADIN,DEATHKNIGHT,HUNTER,,,HUMAN,HUMAN,NIGHTELF,,,ALLIANCE,
YES,1669266214,1669266656,562,442,,GREEN,GREEN,Backwoods,Cope,Opsec,,,WARRIOR,DEATHKNIGHT,PALADIN,,,HUMAN,HUMAN,HUMAN,,,724,818,94,1556,1068,1068,0,1360,,Shuswap-Grobbulus,Freerio-Grobbulus,Missginger-Grobbulus,,,PRIEST,WARLOCK,PALADIN,,,HUMAN,HUMAN,DWARF,,,ALLIANCE,
YES,1669266656,1669266816,559,160,,GOLD,GREEN,Backwoods,Cope,Opsec,,,WARRIOR,DEATHKNIGHT,PALADIN,,,HUMAN,HUMAN,HUMAN,,,792,792,0,1584,1360,1379,19,1326,,Accierro,Hashey,Wetass,,,SHAMAN,DRUID,PRIEST,,,ORC,TAUREN,UNDEAD,,,HORDE,
YES,1669266816,1669267012,572,196,,GOLD,GOLD,Cope,Backwoods,Opsec,,,DEATHKNIGHT,WARRIOR,PALADIN,,,HUMAN,HUMAN,HUMAN,,,787,876,89,1348,1256,1247,-9,1241,,Faulty-Eranikus,Felixdelao-Eranikus,Shinylol-Eranikus,,,PRIEST,WARLOCK,DRUID,,,HUMAN,HUMAN,NIGHTELF,,,ALLIANCE,
YES,1669267012,1669267282,559,270,,GREEN,GOLD,Cope,Backwoods,Opsec,,,DEATHKNIGHT,WARRIOR,PALADIN,,,HUMAN,HUMAN,HUMAN,,,852,852,0,1395,1138,1183,45,1290,,Ebonlock-Eranikus,Unbalancéd-Eranikus,Syrs-Eranikus,,,WARLOCK,DRUID,SHAMAN,,,HUMAN,NIGHTELF,DRAENEI,,,ALLIANCE,
YES,1669267282,1669267522,562,240,,GREEN,GREEN,Cope,Backwoods,Opsec,,,DEATHKNIGHT,WARRIOR,PALADIN,,,HUMAN,HUMAN,HUMAN,,,847,941,94,1279,383,383,0,1523,,Pansitolk-Benediction,Redtesla-Benediction,Restinpissho-Benediction,,,DRUID,PRIEST,ROGUE,,,NIGHTELF,DWARF,HUMAN,,,ALLIANCE,
YES,1669267522,1669267675,572,153,,GOLD,GOLD,Cope,Backwoods,Opsec,,,DEATHKNIGHT,WARRIOR,PALADIN,,,HUMAN,HUMAN,HUMAN,,,916,1003,87,1378,1287,1278,-9,1305,,Belpy-Grobbulus,Iluaanalaa-Grobbulus,Treelonmoosk-Grobbulus,,,DEATHKNIGHT,PRIEST,DRUID,,,ORC,TROLL,TAUREN,,,HORDE,
YES,1669267675,1669267880,562,205,,GOLD,GREEN,Backwoods,Cope,Opsec,,,WARRIOR,DEATHKNIGHT,PALADIN,,,HUMAN,HUMAN,HUMAN,,,982,982,0,1419,1343,1359,16,1353,,Foxbody-Faerlina,Lappat-Faerlina,Saigry-Faerlina,,,DRUID,WARRIOR,PRIEST,,,TAUREN,ORC,UNDEAD,,,HORDE,
YES,1669267880,1669268049,562,169,,GOLD,GOLD,Backwoods,Cope,Opsec,,,WARRIOR,DEATHKNIGHT,PALADIN,,,HUMAN,HUMAN,HUMAN,,,977,1059,82,1333,1099,1099,0,1285,,Gpie-Mankrik,Gutslugger-Mankrik,Iug-Mankrik,,,MAGE,SHAMAN,PRIEST,,,UNDEAD,ORC,UNDEAD,,,HORDE,
YES,1669268049,1669268203,617,154,,GOLD,GOLD,Cope,Backwoods,Opsec,,,DEATHKNIGHT,WARRIOR,PALADIN,,,HUMAN,HUMAN,HUMAN,,,1041,1120,79,1374,1262,1254,-8,1345,,Akagãmi-Westfall,Happysnus-Westfall,Holydietdew-Westfall,,,DEATHKNIGHT,MAGE,PALADIN,,,HUMAN,GNOME,HUMAN,,,ALLIANCE,
YES,1669268203,1669268473,617,270,,GREEN,GOLD,Backwoods,Cope,Opsec,,,WARRIOR,DEATHKNIGHT,PALADIN,,,HUMAN,HUMAN,HUMAN,,,1105,1105,0,1416,1410,1422,12,1395,,Bloodfang-Whitemane,Anorissaa-Whitemane,Pawn-Whitemane,,,WARRIOR,WARLOCK,PALADIN,,,ORC,UNDEAD,BLOODELF,,,HORDE,
YES,1669268473,1669268740,572,267,,GREEN,GOLD,Backwoods,Cope,Opsec,,,WARRIOR,DEATHKNIGHT,PALADIN,,,HUMAN,HUMAN,HUMAN,,,1100,1100,0,1361,1199,1240,41,1362,,Transformita-Whitemane,Formita-Whitemane,Chadbutgirl-Whitemane,,,WARRIOR,MAGE,PALADIN,,,ORC,BLOODELF,BLOODELF,,,HORDE,
YES,1669268740,1669268910,572,170,,GREEN,GREEN,Cope,Backwoods,Opsec,,,DEATHKNIGHT,WARRIOR,PALADIN,,,HUMAN,HUMAN,HUMAN,,,1096,1151,55,1318,1327,1315,-12,1321,,Emblematic-Whitemane,Sylencia-Whitemane,Thermopops-Whitemane,,,PALADIN,WARLOCK,DEATHKNIGHT,,,BLOODELF,UNDEAD,BLOODELF,,,HORDE,
YES,1669268910,1669269075,562,165,,GOLD,GOLD,Cope,Backwoods,Opsec,,,DEATHKNIGHT,WARRIOR,PALADIN,,,HUMAN,HUMAN,HUMAN,,,1156,1207,51,1361,1325,1314,-11,1366,,Ctweezy,Sowocide,Suwushine,,,DEATHKNIGHT,WARRIOR,PALADIN,,,HUMAN,HUMAN,HUMAN,,,ALLIANCE,
YES,1669269075,1669269271,617,196,,GOLD,GREEN,Backwoods,Cope,Opsec,,,WARRIOR,DEATHKNIGHT,PALADIN,,,HUMAN,HUMAN,HUMAN,,,1213,1213,0,1402,1268,1308,40,1436,,Dracelym-Grobbulus,Qzsvkopfoe-Grobbulus,Flakked-Grobbulus,,,DEATHKNIGHT,MAGE,PALADIN,,,HUMAN,HUMAN,HUMAN,,,ALLIANCE,
YES,1669269271,1669269476,562,205,,GREEN,GOLD,Cope,Backwoods,Opsec,,,DEATHKNIGHT,WARRIOR,PALADIN,,,HUMAN,HUMAN,HUMAN,,,1210,1210,0,1373,1331,1348,17,1364,,Remdog-Earthfury,Bullsofwar-Earthfury,Oatie-Earthfury,,,DEATHKNIGHT,WARRIOR,PRIEST,,,ORC,TAUREN,UNDEAD,,,HORDE,
YES,1669269477,1669269664,562,187,,GREEN,GREEN,Backwoods,Cope,Opsec,,,WARRIOR,DEATHKNIGHT,PALADIN,,,HUMAN,HUMAN,HUMAN,,,1205,1239,34,1335,1375,1362,-13,1330,,Quagnardmx-Grobbulus,Redsippylock-Grobbulus,Tolarentcow-Grobbulus,,,SHAMAN,WARLOCK,DRUID,,,ORC,ORC,TAUREN,,,HORDE,
YES,1669269664,1669269844,617,180,,GOLD,GOLD,Cope,Backwoods,Opsec,,,DEATHKNIGHT,WARRIOR,PALADIN,,,HUMAN,HUMAN,HUMAN,,,1245,1285,40,1368,1130,1130,0,1504,,Gnowps-Grobbulus,Majinchown-Grobbulus,Majingassed-Grobbulus,,,PALADIN,PRIEST,HUNTER,,,HUMAN,DWARF,DWARF,,,ALLIANCE,
YES,1669269844,1669270007,572,163,,GREEN,GREEN,Cope,Backwoods,Opsec,,,DEATHKNIGHT,WARRIOR,PALADIN,,,HUMAN,HUMAN,HUMAN,,,1288,1324,36,1419,1348,1338,-10,1437,,Aliè-Benediction,Arenaslave-Benediction,Blizrdsuport-Benediction,,,ROGUE,DRUID,PRIEST,,,NIGHTELF,NIGHTELF,HUMAN,,,ALLIANCE,
YES,1669270007,1669270194,572,187,,GOLD,GOLD,Backwoods,Cope,Opsec,,,WARRIOR,DEATHKNIGHT,PALADIN,,,HUMAN,HUMAN,HUMAN,,,1326,1360,34,1454,1387,1377,-10,1454,,Faulty-Eranikus,Felixdelao-Eranikus,ßlazen-Eranikus,,,PRIEST,WARLOCK,SHAMAN,,,HUMAN,HUMAN,DRAENEI,,,ALLIANCE,
YES,1669270194,1669270455,572,261,,GOLD,GREEN,Backwoods,Cope,Opsec,,,WARRIOR,DEATHKNIGHT,PALADIN,,,HUMAN,HUMAN,HUMAN,,,1361,1356,-5,1483,1473,1487,14,1491,,Baxterbb-Sulfuras,Kidneydatass-Sulfuras,Redvietnam-Sulfuras,,,PRIEST,ROGUE,SHAMAN,,,HUMAN,HUMAN,DRAENEI,,,ALLIANCE,
YES,1669270455,1669270677,572,222,,GOLD,GOLD,Cope,Backwoods,Opsec,,,DEATHKNIGHT,WARRIOR,PALADIN,,,HUMAN,HUMAN,HUMAN,,,1358,1389,31,1456,1278,1278,0,1512,,Bigdkcalon-Grobbulus,Blaqpriest-Grobbulus,Robbyrotten-Grobbulus,,,DEATHKNIGHT,PRIEST,SHAMAN,,,HUMAN,DWARF,DRAENEI,,,ALLIANCE,
YES,1669270677,1669270889,562,212,,GREEN,GOLD,Backwoods,Cope,Opsec,,,WARRIOR,DEATHKNIGHT,PALADIN,,,HUMAN,HUMAN,HUMAN,,,1390,1382,-8,1494,1421,1448,27,1520,,Samshelby-Sulfuras,Beamerr-Sulfuras,Iolunholy-Sulfuras,,,WARRIOR,DEATHKNIGHT,PALADIN,,,GNOME,HUMAN,HUMAN,,,ALLIANCE,
YES,1669270890,1669271139,559,249,,GREEN,GOLD,Backwoods,Cope,Opsec,,,WARRIOR,DEATHKNIGHT,PALADIN,,,HUMAN,HUMAN,HUMAN,,,1386,1377,-9,1470,1475,1488,13,1486,,Muffinn-Grobbulus,Wotson-Grobbulus,Bananabræd-Grobbulus,,,WARRIOR,PRIEST,DEATHKNIGHT,,,ORC,UNDEAD,ORC,,,HORDE,
YES,1669271140,1669271423,562,283,,GREEN,GOLD,Backwoods,Cope,Opsec,,,WARRIOR,DEATHKNIGHT,PALADIN,,,HUMAN,HUMAN,HUMAN,,,1378,1369,-9,1444,1454,1467,13,1469,,Cammyboi-Faerlina,Derpulez-Faerlina,Yinxzz-Faerlina,,,WARRIOR,SHAMAN,PALADIN,,,ORC,ORC,BLOODELF,,,HORDE,
YES,1669271423,1669271702,617,279,,GOLD,GREEN,Backwoods,Cope,Opsec,,,WARRIOR,DEATHKNIGHT,PALADIN,,,HUMAN,HUMAN,HUMAN,,,1369,1357,-12,1420,1337,1356,19,1371,,Azory-Faerlina,Saiwong-Faerlina,Zygy-Faerlina,,,ROGUE,MAGE,PRIEST,,,BLOODELF,UNDEAD,BLOODELF,,,HORDE,
YES,1669271702,1669271900,559,198,,GREEN,GOLD,Backwoods,Cope,Opsec,,,WARRIOR,DEATHKNIGHT,PALADIN,,,HUMAN,HUMAN,HUMAN,,,1357,1346,-11,1380,1408,1419,11,1378,,Smokebee-Grobbulus,Ctrldoom-Grobbulus,Niffler-Grobbulus,,,HUNTER,PALADIN,PRIEST,,,TROLL,BLOODELF,TROLL,,,HORDE,
YES,1670039203,1670039345,572,142,,GOLD,GOLD,Cope,Opsec,,,,DEATHKNIGHT,PALADIN,,,,HUMAN,HUMAN,,,,1342,1353,11,1312,1303,1291,-12,1322,,Judejager-Benediction,Mindmandarin-Benediction,,,,HUNTER,PALADIN,,,,NIGHTELF,HUMAN,,,,ALLIANCE,
YES,1670039345,1670039547,562,202,,GREEN,GREEN,Opsec,Cope,,,,PALADIN,DEATHKNIGHT,,,,HUMAN,HUMAN,,,,1353,1364,11,1339,1279,1269,-10,1330,,Raenix-Pagle,Ràw-Pagle,,,,ROGUE,MAGE,,,,HUMAN,HUMAN,,,,ALLIANCE,
YES,1670039548,1670039779,572,231,,GREEN,GOLD,Cope,Opsec,,,,DEATHKNIGHT,PALADIN,,,,HUMAN,HUMAN,,,,1364,1352,-12,1364,1363,1375,12,1366,,Fancymynades-Whitemane,Gnesios-Whitemane,,,,DEATHKNIGHT,PRIEST,,,,ORC,UNDEAD,,,,HORDE,
YES,1670039779,1670040032,559,253,,GOLD,GREEN,Cope,Opsec,,,,DEATHKNIGHT,PALADIN,,,,HUMAN,HUMAN,,,,1352,1339,-13,1338,1273,1294,21,1325,,Beefthreeway-Grobbulus,Ajora-Grobbulus,,,,DRUID,PRIEST,,,,TAUREN,UNDEAD,,,,HORDE,
YES,1670040032,1670040201,559,169,,GOLD,GOLD,Cope,Opsec,,,,DEATHKNIGHT,PALADIN,,,,HUMAN,HUMAN,,,,1339,1350,11,1310,1253,1243,-10,1317,,Iookx-Benediction,Rubrosz-Benediction,,,,ROGUE,DRUID,,,,HUMAN,NIGHTELF,,,,ALLIANCE,
YES,1670040201,1670040377,617,176,,GOLD,GOLD,Cope,Opsec,,,,DEATHKNIGHT,PALADIN,,,,HUMAN,HUMAN,,,,1350,1362,12,1337,1312,1301,-11,1351,,Horkneedk-Faerlina,Kevbigpp-Faerlina,,,,DEATHKNIGHT,PRIEST,,,,ORC,UNDEAD,,,,HORDE,
YES,1670040377,1670040643,559,266,,GREEN,GREEN,Cope,Opsec,,,,DEATHKNIGHT,PALADIN,,,,HUMAN,HUMAN,,,,1362,1375,13,1366,1288,1279,-9,1382,,Noobae-Faerlina,Ðecípher-Faerlina,,,,PRIEST,ROGUE,,,,UNDEAD,UNDEAD,,,,HORDE,
YES,1670040643,1670040812,617,169,,GOLD,GOLD,Cope,Opsec,,,,DEATHKNIGHT,PALADIN,,,,HUMAN,HUMAN,,,,1375,1390,15,1394,1381,1369,-12,1390,,Discö-Atiesh,Outted-Atiesh,,,,PRIEST,ROGUE,,,,HUMAN,HUMAN,,,,ALLIANCE,
YES,1670040813,1670041082,562,269,,GREEN,GOLD,Cope,Opsec,,,,DEATHKNIGHT,PALADIN,,,,HUMAN,HUMAN,,,,1390,1379,-11,1420,1391,1407,16,1421,,Glaivenside,Rastaw,,,,PALADIN,WARRIOR,,,,HUMAN,HUMAN,,,,ALLIANCE,
YES,1670041083,1670041229,562,146,,GREEN,GREEN,Cope,Opsec,,,,DEATHKNIGHT,PALADIN,,,,HUMAN,HUMAN,,,,1379,1393,14,1394,1237,1237,0,1387,,Dovinha-Pagle,Petita-Pagle,,,,DEATHKNIGHT,PALADIN,,,,HUMAN,HUMAN,,,,ALLIANCE,
YES,1670809258,1670809405,617,147,,GREEN,GREEN,Cope,Opsec,,,,DEATHKNIGHT,PALADIN,,,,HUMAN,HUMAN,,,,1393,1418,25,1465,1105,1105,0,1487,,Darknitoryu-Benediction,Trazmo-Benediction,,,,DEATHKNIGHT,PALADIN,,,,HUMAN,HUMAN,,,,ALLIANCE,
YES,1670809405,1670809758,559,353,,GOLD,GOLD,Cope,Opsec,,,,DEATHKNIGHT,PALADIN,,,,HUMAN,HUMAN,,,,1418,1442,24,1492,1445,1435,-10,1501,,Hafa-Sulfuras,Setuptingx-Sulfuras,,,,DEATHKNIGHT,PRIEST,,,,HUMAN,NIGHTELF,,,,ALLIANCE,
YES,1670809758,1670810106,572,348,,GREEN,GREEN,Cope,Opsec,,,,DEATHKNIGHT,PALADIN,,,,HUMAN,HUMAN,,,,1442,1467,25,1519,1272,1272,0,1527,,Saip-Benediction,Palajuan-Benediction,,,,WARRIOR,PALADIN,,,,HUMAN,HUMAN,,,,ALLIANCE,
YES,1670810107,1670810657,617,550,,GREEN,GREEN,Cope,Neehi,Opsec,,,DEATHKNIGHT,DEATHKNIGHT,PALADIN,,,HUMAN,DWARF,HUMAN,,,1354,1382,28,1454,1400,1390,-10,1452,,Andrial-Eranikus,Frostynuggsz-Eranikus,Banner-Eranikus,,,PRIEST,MAGE,PALADIN,,,HUMAN,HUMAN,HUMAN,,,ALLIANCE,
YES,1670810657,1670810852,562,195,,GREEN,GREEN,Cope,Neehi,Opsec,,,DEATHKNIGHT,DEATHKNIGHT,PALADIN,,,HUMAN,DWARF,HUMAN,,,1382,1414,32,1483,1148,1148,0,1543,,Azzyzz-Eranikus,Jeffeniqua-Eranikus,Bubblebunny-Eranikus,,,DEATHKNIGHT,ROGUE,PALADIN,,,ORC,ORC,BLOODELF,,,HORDE,
YES,1670810852,1670811059,562,207,,GOLD,GREEN,Cope,Neehi,Opsec,,,DEATHKNIGHT,DEATHKNIGHT,PALADIN,,,HUMAN,DWARF,HUMAN,,,1414,1406,-8,1520,1585,1595,10,1539,,Suhdozai-Eranikus,Deadbutt-Eranikus,Michiflow-Eranikus,,,WARRIOR,DEATHKNIGHT,PRIEST,,,HUMAN,HUMAN,HUMAN,,,ALLIANCE,
YES,1670811059,1670811292,559,233,,GREEN,GREEN,Cope,Neehi,Opsec,,,DEATHKNIGHT,DEATHKNIGHT,PALADIN,,,HUMAN,DWARF,HUMAN,,,1410,1436,26,1495,1231,1231,0,1506,,Brentbutt-Sulfuras,Shmu-Sulfuras,Vathx-Sulfuras,,,MAGE,SHAMAN,PRIEST,,,UNDEAD,ORC,TROLL,,,HORDE,
YES,1670811292,1670811530,559,238,,GOLD,GREEN,Neehi,Cope,Opsec,,,DEATHKNIGHT,DEATHKNIGHT,PALADIN,,,DWARF,HUMAN,HUMAN,,,1437,1429,-8,1524,1543,1554,11,1543,,Yolnkk-Faerlina,Bulklegpress-Faerlina,Ralphster-Faerlina,,,DEATHKNIGHT,WARRIOR,PALADIN,,,BLOODELF,ORC,BLOODELF,,,HORDE,
YES,1670811531,1670811756,572,225,,GOLD,GREEN,Neehi,Cope,Opsec,,,DEATHKNIGHT,DEATHKNIGHT,PALADIN,,,DWARF,HUMAN,HUMAN,,,1428,1419,-9,1498,1540,1551,11,1509,,Drewhere-Faerlina,Totemclassic-Faerlina,Beatriixx-Faerlina,,,WARRIOR,SHAMAN,PALADIN,,,ORC,TROLL,BLOODELF,,,HORDE,
YES,1670811757,1670811929,562,172,,GOLD,GOLD,Cope,Neehi,Opsec,,,DEATHKNIGHT,DEATHKNIGHT,PALADIN,,,HUMAN,DWARF,HUMAN,,,1419,1440,21,1471,1524,1510,-14,1491,,Billyill-Mankrik,Bambimboom-Mankrik,Evola-Mankrik,,,HUNTER,DRUID,PRIEST,,,ORC,TAUREN,UNDEAD,,,HORDE,
YES,1670811930,1670812111,559,181,,GOLD,GOLD,Cope,Neehi,Opsec,,,DEATHKNIGHT,DEATHKNIGHT,PALADIN,,,HUMAN,DWARF,HUMAN,,,1440,1462,22,1504,1519,1506,-13,1514,,Unelaus-Faerlina,Robsomotoboy-Faerlina,Impërmanence-Faerlina,,,DEATHKNIGHT,WARRIOR,PALADIN,,,ORC,ORC,BLOODELF,,,HORDE,
YES,1670812111,1670812368,559,257,,GREEN,GOLD,Neehi,Cope,Opsec,,,DEATHKNIGHT,DEATHKNIGHT,PALADIN,,,DWARF,HUMAN,HUMAN,,,1462,1452,-10,1535,1538,1550,12,1535,,Raxtorshift-Windseeker,Notavillain-Windseeker,Felà-Windseeker,,,DRUID,MAGE,PRIEST,,,TAUREN,UNDEAD,UNDEAD,,,HORDE,
YES,1670812368,1670812570,559,202,,GOLD,GOLD,Cope,Neehi,Opsec,,,DEATHKNIGHT,DEATHKNIGHT,PALADIN,,,HUMAN,DWARF,HUMAN,,,1453,1473,20,1506,1501,1489,-12,1513,,Diceytouch-Eranikus,Sharod-Eranikus,Faulty-Eranikus,,,DEATHKNIGHT,WARLOCK,PRIEST,,,HUMAN,HUMAN,HUMAN,,,ALLIANCE,
YES,1670812570,1670812779,559,209,,GREEN,GREEN,Cope,Neehi,Opsec,,,DEATHKNIGHT,DEATHKNIGHT,PALADIN,,,HUMAN,DWARF,HUMAN,,,1473,1495,22,1537,1482,1472,-10,1546,,Onepumpers-Grobbulus,Whambone-Grobbulus,Pmon-Grobbulus,,,DEATHKNIGHT,ROGUE,PRIEST,,,ORC,UNDEAD,UNDEAD,,,HORDE,
YES,1670812780,1670813031,617,251,,GOLD,GREEN,Neehi,Cope,Opsec,,,DEATHKNIGHT,DEATHKNIGHT,PALADIN,,,DWARF,HUMAN,HUMAN,,,1496,1487,-9,1568,1557,1569,12,1577,,Mísele-Benediction,Sickwhoe-Benediction,Milnor-Benediction,,,SHAMAN,WARLOCK,DRUID,,,DRAENEI,HUMAN,NIGHTELF,,,ALLIANCE,
YES,1670813032,1670813275,562,243,,GREEN,GOLD,Cope,Neehi,Opsec,,,DEATHKNIGHT,DEATHKNIGHT,PALADIN,,,HUMAN,DWARF,HUMAN,,,1486,1476,-10,1540,1524,1537,13,1544,,Priia-Mankrik,Qqdd-Mankrik,Veridiks-Mankrik,,,HUNTER,WARRIOR,PALADIN,,,ORC,ORC,BLOODELF,,,HORDE,
YES,1670813275,1670813484,572,209,,GREEN,GOLD,Neehi,Cope,Opsec,,,DEATHKNIGHT,DEATHKNIGHT,PALADIN,,,DWARF,HUMAN,HUMAN,,,1476,1465,-11,1512,1493,1508,15,1515,,Dablad-Pagle,Darazul-Pagle,Jdqt-Pagle,,,SHAMAN,WARRIOR,PALADIN,,,DRAENEI,HUMAN,HUMAN,,,ALLIANCE,
YES,1670813484,1670813708,572,224,,GOLD,GREEN,Neehi,Cope,Opsec,,,DEATHKNIGHT,DEATHKNIGHT,PALADIN,,,DWARF,HUMAN,HUMAN,,,1466,1455,-11,1484,1485,1498,13,1491,,Chadington-Eranikus,Chadamlevine-Eranikus,Chadcosby-Eranikus,,,WARLOCK,SHAMAN,PRIEST,,,UNDEAD,ORC,UNDEAD,,,HORDE,
YES,1670813708,1670813938,562,230,,GREEN,GREEN,Cope,Neehi,Opsec,,,DEATHKNIGHT,DEATHKNIGHT,PALADIN,,,HUMAN,DWARF,HUMAN,,,1454,1466,12,1456,1393,1383,-10,1449,,Piry-Grobbulus,Izaskum-Grobbulus,Anorre-Grobbulus,,,DEATHKNIGHT,PALADIN,DRUID,,,HUMAN,HUMAN,NIGHTELF,,,ALLIANCE,
YES,1670813938,1670814195,617,257,,GREEN,GREEN,Cope,Neehi,Opsec,,,DEATHKNIGHT,DEATHKNIGHT,PALADIN,,,HUMAN,DWARF,HUMAN,,,1467,1483,16,1484,1544,1530,-14,1513,,Skyeatsyou,Somecoolname,Doseheals,,,WARLOCK,SHAMAN,PRIEST,,,HUMAN,DRAENEI,HUMAN,,,ALLIANCE,
YES,1670814196,1670814383,562,187,,GOLD,GREEN,Neehi,Cope,Opsec,,,DEATHKNIGHT,DEATHKNIGHT,PALADIN,,,DWARF,HUMAN,HUMAN,,,1483,1472,-11,1519,1303,1356,53,1519,,Kittycatz-Faerlina,Formalhaut-Faerlina,Gungunhow-Faerlina,,,DRUID,HUNTER,PALADIN,,,TAUREN,ORC,BLOODELF,,,HORDE,
YES,1670814383,1670814607,572,224,,GREEN,GOLD,Neehi,Cope,Opsec,,,DEATHKNIGHT,DEATHKNIGHT,PALADIN,,,DWARF,HUMAN,HUMAN,,,1472,1460,-12,1491,1376,1406,30,1480,,Azzyzz-Eranikus,Jeffeniqua-Eranikus,Bubblebunny-Eranikus,,,DEATHKNIGHT,ROGUE,PALADIN,,,ORC,ORC,BLOODELF,,,HORDE,
YES,1670814607,1670814755,617,148,,GOLD,GOLD,Cope,Neehi,Opsec,,,DEATHKNIGHT,DEATHKNIGHT,PALADIN,,,HUMAN,DWARF,HUMAN,,,1460,1474,14,1460,1189,1189,0,1507,,Valastra-Grobbulus,Vallorn-Grobbulus,Gilam-Grobbulus,,,DEATHKNIGHT,WARRIOR,PALADIN,,,HUMAN,NIGHTELF,HUMAN,,,ALLIANCE,
YES,1670814755,1670815005,572,250,,GREEN,GOLD,Cope,Neehi,Opsec,,,DEATHKNIGHT,DEATHKNIGHT,PALADIN,,,HUMAN,DWARF,HUMAN,,,1473,1462,-11,1495,1492,1505,13,1498,,Joyk-Whitemane,Humangetfukd-Whitemane,Nastynastylu-Whitemane,,,SHAMAN,PRIEST,PALADIN,,,ORC,UNDEAD,BLOODELF,,,HORDE,
YES,1670815006,1670815205,617,199,,GOLD,GOLD,Cope,Neehi,Opsec,,,DEATHKNIGHT,DEATHKNIGHT,PALADIN,,,HUMAN,DWARF,HUMAN,,,1462,1475,13,1466,1485,1472,-13,1465,,Jubz-Pagle,Dmcb-Pagle,Mso-Pagle,,,MAGE,ROGUE,PRIEST,,,HUMAN,HUMAN,DWARF,,,ALLIANCE,
YES,1670815205,1670815503,562,298,,GREEN,GREEN,Cope,Neehi,Opsec,,,DEATHKNIGHT,DEATHKNIGHT,PALADIN,,,HUMAN,DWARF,HUMAN,,,1475,1492,17,1495,1534,1521,-13,1536,,Dontmilkher-Mankrik,Pupster-Mankrik,Album-Mankrik,,,DRUID,MAGE,SHAMAN,,,TAUREN,UNDEAD,ORC,,,HORDE,
YES,1670815504,1670815735,562,231,,GOLD,GOLD,Cope,Neehi,Opsec,,,DEATHKNIGHT,DEATHKNIGHT,PALADIN,,,HUMAN,DWARF,HUMAN,,,1491,1509,18,1533,1391,1391,0,1519,,Skkeeyy-Grobbulus,Frenzied-Grobbulus,Askarra-Grobbulus,,,DEATHKNIGHT,WARRIOR,PALADIN,,,HUMAN,HUMAN,HUMAN,,,ALLIANCE,
YES,1670815736,1670816159,562,423,,GOLD,GREEN,Neehi,Cope,Opsec,,,DEATHKNIGHT,DEATHKNIGHT,PALADIN,,,DWARF,HUMAN,HUMAN,,,1509,1500,-9,1559,1612,1622,10,1611,,Dankhstevens-Whitemane,Aliflocka-Whitemane,Fleettmd-Whitemane,,,SHAMAN,MAGE,PRIEST,,,ORC,UNDEAD,UNDEAD,,,HORDE,
YES,1670816159,1670816387,559,228,,GREEN,GOLD,Cope,Neehi,Opsec,,,DEATHKNIGHT,DEATHKNIGHT,PALADIN,,,HUMAN,DWARF,HUMAN,,,1500,1490,-10,1539,1622,1631,9,1546,,Guummy-Atiesh,Notchill-Atiesh,Boyliker-Atiesh,,,WARRIOR,PALADIN,PRIEST,,,HUMAN,HUMAN,HUMAN,,,ALLIANCE,
YES,1670816387,1670816567,559,180,,GOLD,GOLD,Cope,Neehi,Opsec,,,DEATHKNIGHT,DEATHKNIGHT,PALADIN,,,HUMAN,DWARF,HUMAN,,,1490,1504,14,1512,1496,1485,-11,1488,,Dablad-Pagle,Darazul-Pagle,Jdqt-Pagle,,,SHAMAN,WARRIOR,PALADIN,,,DRAENEI,HUMAN,HUMAN,,,ALLIANCE,
YES,1670816567,1670816779,562,212,,GREEN,GOLD,Neehi,Cope,Opsec,,,DEATHKNIGHT,DEATHKNIGHT,PALADIN,,,DWARF,HUMAN,HUMAN,,,1504,1492,-12,1536,1491,1507,16,1511,,Deadbutt-Eranikus,Suhdozai-Eranikus,Pabloescobar-Eranikus,,,DEATHKNIGHT,WARRIOR,PALADIN,,,HUMAN,HUMAN,HUMAN,,,ALLIANCE,
YES,1670816779,1670817019,562,240,,GOLD,GREEN,Cope,Neehi,Opsec,,,DEATHKNIGHT,DEATHKNIGHT,PALADIN,,,HUMAN,DWARF,HUMAN,,,1492,1480,-12,1502,1500,1512,12,1488,,Oopsibusted-Sulfuras,Succyoubust-Sulfuras,Trashstár-Sulfuras,,,SHAMAN,WARLOCK,DRUID,,,ORC,ORC,TAUREN,,,HORDE,
YES,1670817019,1670817211,559,192,,GREEN,GREEN,Cope,Neehi,Opsec,,,DEATHKNIGHT,DEATHKNIGHT,PALADIN,,,HUMAN,DWARF,HUMAN,,,1480,1493,13,1470,1434,1423,-11,1497,,Everglades-Sulfuras,Rhekka-Sulfuras,Bearhandle-Sulfuras,,,HUNTER,SHAMAN,PALADIN,,,TAUREN,TROLL,BLOODELF,,,HORDE,
YES,1670817211,1670817575,559,364,,GREEN,GOLD,Cope,Neehi,Opsec,,,DEATHKNIGHT,DEATHKNIGHT,PALADIN,,,HUMAN,DWARF,HUMAN,,,1493,1481,-12,1505,1491,1505,14,1502,,Polaand-Atiesh,Kwony-Atiesh,Örangejulius-Atiesh,,,SHAMAN,MAGE,PRIEST,,,DRAENEI,HUMAN,DWARF,,,ALLIANCE,
YES,1670817576,1670817801,572,225,,GOLD,GREEN,Cope,Neehi,Opsec,,,DEATHKNIGHT,DEATHKNIGHT,PALADIN,,,HUMAN,DWARF,HUMAN,,,1481,1469,-12,1475,1467,1482,15,1495,,Azzyzz-Eranikus,Jeffeniqua-Eranikus,Bubblebunny-Eranikus,,,DEATHKNIGHT,ROGUE,PALADIN,,,ORC,ORC,BLOODELF,,,HORDE,
YES,1670817802,1670818356,562,554,,GREEN,GREEN,Neehi,Cope,Opsec,,,DEATHKNIGHT,DEATHKNIGHT,PALADIN,,,DWARF,HUMAN,HUMAN,,,1470,1481,11,1450,1431,1420,-11,1451,,Xvett-Eranikus,Undertakerip-Eranikus,Mtito-Eranikus,,,WARRIOR,WARLOCK,PRIEST,,,ORC,UNDEAD,BLOODELF,,,HORDE,
YES,1670818356,1670818548,572,192,,GOLD,GOLD,Cope,Neehi,Opsec,,,DEATHKNIGHT,DEATHKNIGHT,PALADIN,,,HUMAN,DWARF,HUMAN,,,1481,1493,12,1479,1439,1428,-11,1468,,Sarnodk-Sulfuras,Everglades-Sulfuras,Bearhandle-Sulfuras,,,DEATHKNIGHT,HUNTER,PALADIN,,,ORC,TAUREN,BLOODELF,,,HORDE,
YES,1670818548,1670818747,572,199,,GOLD,GOLD,Cope,Neehi,Opsec,,,DEATHKNIGHT,DEATHKNIGHT,PALADIN,,,HUMAN,DWARF,HUMAN,,,1492,1505,13,1506,1467,1456,-11,1468,,Reaveralmao-Mankrik,Tebones-Mankrik,Tygo-Mankrik,,,WARRIOR,DRUID,PRIEST,,,ORC,TAUREN,BLOODELF,,,HORDE,
YES,1670818747,1670819001,562,254,,GREEN,GREEN,Cope,Neehi,Opsec,,,DEATHKNIGHT,DEATHKNIGHT,PALADIN,,,HUMAN,DWARF,HUMAN,,,1505,1518,13,1528,1456,1446,-10,1526,,Athreus-Atiesh,Dbravo-Atiesh,Kronnîck-Atiesh,,,DEATHKNIGHT,WARRIOR,PALADIN,,,HUMAN,HUMAN,DWARF,,,ALLIANCE,
YES,1670819001,1670819222,559,221,,GREEN,GOLD,Neehi,Cope,Opsec,,,DEATHKNIGHT,DEATHKNIGHT,PALADIN,,,DWARF,HUMAN,HUMAN,,,1518,1507,-11,1557,1542,1555,13,1560,,Pooby-Eranikus,Lower-Eranikus,Skoalxtra-Eranikus,,,SHAMAN,WARRIOR,PALADIN,,,ORC,ORC,BLOODELF,,,HORDE,
YES,1670819222,1670819578,562,356,,GREEN,GREEN,Cope,Neehi,Opsec,,,DEATHKNIGHT,DEATHKNIGHT,PALADIN,,,HUMAN,DWARF,HUMAN,,,1507,1519,12,1528,1453,1444,-9,1495,,Kaje-Pagle,Moost-Pagle,Meduele-Pagle,,,DEATHKNIGHT,DRUID,PRIEST,,,HUMAN,NIGHTELF,HUMAN,,,ALLIANCE,
YES,1670819579,1670819745,562,166,,GREEN,GREEN,Cope,Neehi,Opsec,,,DEATHKNIGHT,DEATHKNIGHT,PALADIN,,,HUMAN,DWARF,HUMAN,,,1519,1532,13,1551,1533,1522,-11,1550,,Psypoo-Whitemane,Moonyeezy-Whitemane,Rellowz-Whitemane,,,DRUID,WARLOCK,PRIEST,,,TAUREN,UNDEAD,UNDEAD,,,HORDE,
YES,1670819745,1670820045,559,300,,GREEN,GREEN,Cope,Neehi,Opsec,,,DEATHKNIGHT,DEATHKNIGHT,PALADIN,,,HUMAN,DWARF,HUMAN,,,1532,1545,13,1580,1552,1541,-11,1557,,Skuntêr-Whitemane,Harrybaulsak-Whitemane,Curos-Whitemane,,,WARLOCK,SHAMAN,DRUID,,,ORC,TAUREN,TAUREN,,,HORDE,
YES,1670820045,1670820274,617,229,,GREEN,GREEN,Cope,Neehi,Opsec,,,DEATHKNIGHT,DEATHKNIGHT,PALADIN,,,HUMAN,DWARF,HUMAN,,,1545,1560,15,1605,1584,1573,-11,1625,,Avgboom-Grobbulus,Cheldonzo-Grobbulus,Todixnyamouf-Grobbulus,,,DRUID,MAGE,PRIEST,,,NIGHTELF,GNOME,HUMAN,,,ALLIANCE,
YES,1670820274,1670820494,562,220,,GREEN,GOLD,Neehi,Cope,Opsec,,,DEATHKNIGHT,DEATHKNIGHT,PALADIN,,,DWARF,HUMAN,HUMAN,,,1560,1551,-9,1638,1589,1603,14,1637,,Gawain-Grobbulus,Synergistic-Grobbulus,Sparklel-Grobbulus,,,DEATHKNIGHT,HUNTER,PALADIN,,,HUMAN,NIGHTELF,HUMAN,,,ALLIANCE,
YES,1670820494,1670820657,559,163,,GOLD,GREEN,Cope,Neehi,Opsec,,,DEATHKNIGHT,DEATHKNIGHT,PALADIN,,,HUMAN,DWARF,HUMAN,,,1551,1541,-10,1609,1567,1580,13,1615,,Prznt-Grobbulus,Basty-Grobbulus,Tokko-Grobbulus,,,DEATHKNIGHT,HUNTER,PALADIN,,,HUMAN,NIGHTELF,HUMAN,,,ALLIANCE,
YES,1670820657,1670820832,559,175,,GOLD,GOLD,Neehi,Cope,Opsec,,,DEATHKNIGHT,DEATHKNIGHT,PALADIN,,,DWARF,HUMAN,HUMAN,,,1541,1554,13,1581,1460,1452,-8,1580,,Chanz-Earthfury,Bigsz-Earthfury,Islafisher-Earthfury,,,DRUID,WARLOCK,PRIEST,,,NIGHTELF,GNOME,HUMAN,,,ALLIANCE,
YES,1670820833,1670821144,572,311,,GREEN,GOLD,Neehi,Cope,Opsec,,,DEATHKNIGHT,DEATHKNIGHT,PALADIN,,,DWARF,HUMAN,HUMAN,,,1554,1543,-11,1610,1481,1510,29,1570,,Moomookachuu-Grobbulus,Derivativefx-Grobbulus,Gingerdoc-Grobbulus,,,DRUID,HUNTER,PRIEST,,,TAUREN,ORC,TROLL,,,HORDE,
YES,1670821145,1670821465,562,320,,GREEN,GOLD,Neehi,Cope,Opsec,,,DEATHKNIGHT,DEATHKNIGHT,PALADIN,,,DWARF,HUMAN,HUMAN,,,1543,1533,-10,1572,1544,1557,13,1602,,Raykee,Doerve,Mailawitt,,,DEATHKNIGHT,WARRIOR,PALADIN,,,ORC,ORC,BLOODELF,,,HORDE,
YES,1670821465,1670821703,559,238,,GREEN,GOLD,Neehi,Cope,Opsec,,,DEATHKNIGHT,DEATHKNIGHT,PALADIN,,,DWARF,HUMAN,HUMAN,,,1533,1521,-12,1549,1539,1551,12,1545,,Snowbeär-Faerlina,Casylia-Faerlina,Papashadeau-Faerlina,,,DRUID,WARRIOR,PRIEST,,,TAUREN,ORC,UNDEAD,,,HORDE,
YES,1670821704,1670821936,572,232,,GREEN,GOLD,Cope,Neehi,Opsec,,,DEATHKNIGHT,DEATHKNIGHT,PALADIN,,,HUMAN,DWARF,HUMAN,,,1521,1510,-11,1519,1487,1506,19,1537,,Stomptheyard-Faerlina,Xotems-Faerlina,Emotong-Faerlina,,,WARRIOR,SHAMAN,PALADIN,,,TAUREN,ORC,BLOODELF,,,HORDE,
YES,1670821936,1670822206,572,270,,GREEN,GOLD,Cope,Neehi,Opsec,,,DEATHKNIGHT,DEATHKNIGHT,PALADIN,,,HUMAN,DWARF,HUMAN,,,1510,1497,-13,1493,1499,1511,12,1488,,Oopsibusted-Sulfuras,Succyoubust-Sulfuras,Trashstár-Sulfuras,,,SHAMAN,WARLOCK,DRUID,,,ORC,ORC,TAUREN,,,HORDE,
YES,1670822206,1670822393,572,187,,GOLD,GOLD,Cope,Neehi,Opsec,,,DEATHKNIGHT,DEATHKNIGHT,PALADIN,,,HUMAN,DWARF,HUMAN,,,1497,1509,12,1463,1508,1494,-14,1483,,Psypoo-Whitemane,Moonyeezy-Whitemane,Rellowz-Whitemane,,,DRUID,WARLOCK,PRIEST,,,TAUREN,UNDEAD,UNDEAD,,,HORDE,
YES,1670826232,1670826386,572,154,,GOLD,GOLD,Cope,Backwoods,Opsec,,,DEATHKNIGHT,WARRIOR,PALADIN,,,HUMAN,HUMAN,HUMAN,,,1517,1529,12,1500,1583,1568,-15,1523,,Donschmeatus-Grobbulus,Donjeremy-Grobbulus,Lustless-Grobbulus,,,DRUID,DEATHKNIGHT,PRIEST,,,NIGHTELF,HUMAN,HUMAN,,,ALLIANCE,
YES,1670826386,1670826593,562,207,,GREEN,GOLD,Backwoods,Cope,Opsec,,,WARRIOR,DEATHKNIGHT,PALADIN,,,HUMAN,HUMAN,HUMAN,,,1530,1518,-12,1534,1549,1560,11,1531,,Snowbeär-Faerlina,Casylia-Faerlina,Papashadeau-Faerlina,,,DRUID,WARRIOR,PRIEST,,,TAUREN,ORC,UNDEAD,,,HORDE,
YES,1670826594,1670826818,559,224,,GREEN,GOLD,Cope,Backwoods,Opsec,,,DEATHKNIGHT,WARRIOR,PALADIN,,,HUMAN,HUMAN,HUMAN,,,1517,1505,-12,1504,1395,1428,33,1526,,Maxmeridius-Faerlina,Necroider-Faerlina,Flexprot-Faerlina,,,WARRIOR,DEATHKNIGHT,PALADIN,,,TAUREN,ORC,BLOODELF,,,HORDE,
YES,1670826818,1670827176,572,358,,GOLD,GOLD,Cope,Backwoods,Opsec,,,DEATHKNIGHT,WARRIOR,PALADIN,,,HUMAN,HUMAN,HUMAN,,,1506,1518,12,1479,1470,1458,-12,1499,,Mideastbeast-Sulfuras,Pickleyrick-Sulfuras,Perhapslove-Sulfuras,,,DRUID,SHAMAN,PRIEST,,,NIGHTELF,DRAENEI,NIGHTELF,,,ALLIANCE,
YES,1670827177,1670827461,617,284,,GREEN,GREEN,Cope,Backwoods,Opsec,,,DEATHKNIGHT,WARRIOR,PALADIN,,,HUMAN,HUMAN,HUMAN,,,1518,1529,11,1512,1490,1479,-11,1498,,Zurk,Düde,Nite,,,WARRIOR,SHAMAN,PALADIN,,,ORC,TROLL,BLOODELF,,,HORDE,
YES,1670827462,1670827671,559,209,,GREEN,GREEN,Cope,Backwoods,Opsec,,,DEATHKNIGHT,WARRIOR,PALADIN,,,HUMAN,HUMAN,HUMAN,,,1529,1541,12,1539,1501,1490,-11,1516,,Omlrage,Lecheconmilo,Dangitmic,,,WARRIOR,DEATHKNIGHT,PALADIN,,,ORC,ORC,BLOODELF,,,HORDE,
YES,1670827671,1670827917,559,246,,GOLD,GREEN,Cope,Backwoods,Opsec,,,DEATHKNIGHT,WARRIOR,PALADIN,,,HUMAN,HUMAN,HUMAN,,,1541,1529,-12,1564,1429,1461,32,1541,,Brocoli-Eranikus,Sozbunny-Eranikus,Bubblebunny-Eranikus,,,WARRIOR,WARLOCK,PALADIN,,,UNDEAD,UNDEAD,BLOODELF,,,HORDE,
YES,1670827918,1670828140,617,222,,GREEN,GREEN,Cope,Backwoods,Opsec,,,DEATHKNIGHT,WARRIOR,PALADIN,,,HUMAN,HUMAN,HUMAN,,,1529,1542,13,1530,1550,1537,-13,1557,,Goss,Ara,Doseheals,,,DEATHKNIGHT,PALADIN,PRIEST,,,HUMAN,HUMAN,HUMAN,,,ALLIANCE,
YES,1670828141,1670828349,617,208,,GOLD,GREEN,Backwoods,Cope,Opsec,,,WARRIOR,DEATHKNIGHT,PALADIN,,,HUMAN,HUMAN,HUMAN,,,1542,1532,-10,1564,1606,1617,11,1591,,Vovander-Grobbulus,Odirunn-Grobbulus,Oremuus-Grobbulus,,,HUNTER,DRUID,PRIEST,,,ORC,TAUREN,UNDEAD,,,HORDE,
YES,1670828349,1670828605,617,256,,GOLD,GREEN,Cope,Backwoods,Opsec,,,DEATHKNIGHT,WARRIOR,PALADIN,,,HUMAN,HUMAN,HUMAN,,,1532,1521,-11,1540,1445,1476,31,1564,,Ijat-Earthfury,Zumas-Earthfury,Logros-Earthfury,,,DEATHKNIGHT,SHAMAN,PRIEST,,,ORC,ORC,UNDEAD,,,HORDE,
YES,1670828605,1670828886,617,281,,GOLD,GREEN,Cope,Backwoods,Opsec,,,DEATHKNIGHT,WARRIOR,PALADIN,,,HUMAN,HUMAN,HUMAN,,,1521,1508,-13,1516,1487,1500,13,1487,,Dalgarim-Faerlina,Barrilcito-Faerlina,Anaelos-Faerlina,,,DEATHKNIGHT,HUNTER,PALADIN,,,ORC,TAUREN,BLOODELF,,,HORDE,
YES,1670828886,1670829230,559,344,,GREEN,GOLD,Cope,Backwoods,Opsec,,,DEATHKNIGHT,WARRIOR,PALADIN,,,HUMAN,HUMAN,HUMAN,,,1507,1495,-12,1481,1397,1426,29,1505,,Jaxsie-Whitemane,Loopw-Whitemane,Sendhelp-Whitemane,,,SHAMAN,WARRIOR,PALADIN,,,ORC,ORC,BLOODELF,,,HORDE,
YES,1670829230,1670829409,562,179,,GOLD,GOLD,Cope,Backwoods,Opsec,,,DEATHKNIGHT,WARRIOR,PALADIN,,,HUMAN,HUMAN,HUMAN,,,1495,1506,11,1456,1433,1422,-11,1477,,Shomån-Faerlina,Swarleys-Faerlina,Cyberzpls-Faerlina,,,SHAMAN,PRIEST,PALADIN,,,ORC,UNDEAD,BLOODELF,,,HORDE,
YES,1670829409,1670829647,572,238,,GOLD,GOLD,Cope,Backwoods,Opsec,,,DEATHKNIGHT,WARRIOR,PALADIN,,,HUMAN,HUMAN,HUMAN,,,1507,1520,13,1490,1469,1458,-11,1528,,Giantgnome-Faerlina,Elladra-Faerlina,Soegogi-Faerlina,,,WARRIOR,PALADIN,DRUID,,,TAUREN,BLOODELF,TAUREN,,,HORDE,
YES,1670829647,1670829884,562,237,,GREEN,GOLD,Cope,Backwoods,Opsec,,,DEATHKNIGHT,WARRIOR,PALADIN,,,HUMAN,HUMAN,HUMAN,,,1520,1511,-9,1527,1270,1344,74,1596,,Thickgoatsis-Benediction,Cbtpro-Benediction,Quantumleapx-Benediction,,,PALADIN,DEATHKNIGHT,PRIEST,,,DRAENEI,DRAENEI,NIGHTELF,,,ALLIANCE,
YES,1670829884,1670830258,559,374,,GREEN,GREEN,Backwoods,Cope,Opsec,,,WARRIOR,DEATHKNIGHT,PALADIN,,,HUMAN,HUMAN,HUMAN,,,1510,1519,9,1510,1445,1435,-10,1425,,Doobelidoo-OldBlanchy,Timothyx-OldBlanchy,Cvp-OldBlanchy,,,SHAMAN,MAGE,PRIEST,,,DRAENEI,HUMAN,DWARF,,,ALLIANCE,
YES,1670830259,1670830534,617,275,,GREEN,GREEN,Backwoods,Cope,Opsec,,,WARRIOR,DEATHKNIGHT,PALADIN,,,HUMAN,HUMAN,HUMAN,,,1519,1531,12,1525,1488,1477,-11,1517,,Omlrage,Lecheconmilo,Dangitmic,,,WARRIOR,DEATHKNIGHT,PALADIN,,,ORC,ORC,BLOODELF,,,HORDE,
YES,1670830534,1670830753,562,219,,GOLD,GREEN,Backwoods,Cope,Opsec,,,WARRIOR,DEATHKNIGHT,PALADIN,,,HUMAN,HUMAN,HUMAN,,,1531,1521,-10,1552,1554,1566,12,1587,,Avgboom-Grobbulus,Nime-Grobbulus,Todixnyamouf-Grobbulus,,,DRUID,ROGUE,PRIEST,,,NIGHTELF,HUMAN,HUMAN,,,ALLIANCE,
YES,1670830753,1670830969,617,216,,GOLD,GOLD,Cope,Backwoods,Opsec,,,DEATHKNIGHT,WARRIOR,PALADIN,,,HUMAN,HUMAN,HUMAN,,,1521,1532,11,1530,1436,1427,-9,1482,,Caputz-Sulfuras,Redvietnam-Sulfuras,Baxterbb-Sulfuras,,,WARLOCK,SHAMAN,PRIEST,,,HUMAN,DRAENEI,HUMAN,,,ALLIANCE,
YES,1670830969,1670831174,617,205,,GREEN,GREEN,Cope,Backwoods,Opsec,,,DEATHKNIGHT,WARRIOR,PALADIN,,,HUMAN,HUMAN,HUMAN,,,1532,1544,12,1550,1523,1512,-11,1542,,Azzyzz-Eranikus,Brocoli-Eranikus,Bubblebunny-Eranikus,,,DEATHKNIGHT,WARRIOR,PALADIN,,,ORC,UNDEAD,BLOODELF,,,HORDE,
YES,1670831174,1670831457,559,283,,GREEN,GOLD,Backwoods,Cope,Opsec,,,WARRIOR,DEATHKNIGHT,PALADIN,,,HUMAN,HUMAN,HUMAN,,,1545,1536,-9,1578,1610,1621,11,1633,,Deetee-Grobbulus,Revann-Grobbulus,Xyos-Grobbulus,,,WARRIOR,DEATHKNIGHT,PALADIN,,,HUMAN,HUMAN,HUMAN,,,ALLIANCE,
YES,1670831458,1670831691,562,233,,GREEN,GREEN,Cope,Backwoods,Opsec,,,DEATHKNIGHT,WARRIOR,PALADIN,,,HUMAN,HUMAN,HUMAN,,,1536,1550,14,1559,1547,1535,-12,1586,,Judecca-Benediction,Sludgehammy-Benediction,Lesteryoung-Benediction,,,DEATHKNIGHT,WARRIOR,PALADIN,,,HUMAN,GNOME,HUMAN,,,ALLIANCE,
YES,1670831691,1670831947,559,256,,GREEN,GOLD,Cope,Backwoods,Opsec,,,DEATHKNIGHT,WARRIOR,PALADIN,,,HUMAN,HUMAN,HUMAN,,,1549,1538,-11,1593,1493,1520,27,1582,,Zaylo-Benediction,Runite-Benediction,Wharz-Benediction,,,WARRIOR,DEATHKNIGHT,PALADIN,,,HUMAN,HUMAN,HUMAN,,,ALLIANCE,
YES,1671507530,1671507706,572,176,,GREEN,GREEN,Cax,Cope,Opsec,,,DRUID,DEATHKNIGHT,PALADIN,,,NIGHTELF,HUMAN,HUMAN,,,1469,1490,21,1532,1452,1443,-9,1526,,Shiftz-Grobbulus,Leethunt-Grobbulus,Swumbo-Grobbulus,,,DRUID,HUNTER,PRIEST,,,NIGHTELF,NIGHTELF,HUMAN,,,ALLIANCE,
YES,1671507706,1671508017,572,311,,GREEN,GREEN,Cax,Cope,Opsec,,,DRUID,DEATHKNIGHT,PALADIN,,,NIGHTELF,HUMAN,HUMAN,,,1486,1510,24,1562,1540,1529,-11,1554,,Dontgetrektt-Mankrik,Fanatik-Mankrik,Sinikk-Mankrik,,,WARRIOR,DEATHKNIGHT,PALADIN,,,TAUREN,ORC,BLOODELF,,,HORDE,
YES,1671508017,1671508305,572,288,,GREEN,GOLD,Cope,Cax,Opsec,,,DEATHKNIGHT,DRUID,PALADIN,,,HUMAN,NIGHTELF,HUMAN,,,1504,1495,-9,1591,1610,1621,11,1603,,Missey-Faerlina,Prohibido-Faerlina,Boagrius-Faerlina,,,PALADIN,DEATHKNIGHT,SHAMAN,,,BLOODELF,ORC,ORC,,,HORDE,
YES,1671508305,1671508556,572,251,,GREEN,GOLD,Cax,Cope,Opsec,,,DRUID,DEATHKNIGHT,PALADIN,,,NIGHTELF,HUMAN,HUMAN,,,1496,1487,-9,1563,1511,1525,14,1578,,Teem-Grobbulus,Beastaho-Grobbulus,Maplelight-Grobbulus,,,HUNTER,SHAMAN,PALADIN,,,NIGHTELF,DRAENEI,HUMAN,,,ALLIANCE,
YES,1671508556,1671508762,572,206,,GREEN,GOLD,Cax,Cope,Opsec,,,DRUID,DEATHKNIGHT,PALADIN,,,NIGHTELF,HUMAN,HUMAN,,,1486,1476,-10,1536,1313,1369,56,1544,,Pulak-Whitemane,Dividendbro-Whitemane,Kushyz-Whitemane,,,MAGE,DRUID,PALADIN,,,UNDEAD,TAUREN,BLOODELF,,,HORDE,
YES,1671508762,1671509002,559,240,,GREEN,GOLD,Cax,Cope,Opsec,,,DRUID,DEATHKNIGHT,PALADIN,,,NIGHTELF,HUMAN,HUMAN,,,1476,1466,-10,1509,1524,1535,11,1533,,Edsuicide-Benediction,Dishwashersh-Benediction,Egonstetman-Benediction,,,DEATHKNIGHT,HUNTER,PALADIN,,,HUMAN,NIGHTELF,HUMAN,,,ALLIANCE,
YES,1671509002,1671509236,559,234,,GREEN,GOLD,Cax,Cope,Opsec,,,DRUID,DEATHKNIGHT,PALADIN,,,NIGHTELF,HUMAN,HUMAN,,,1466,1455,-11,1484,1405,1433,28,1507,,Nezoc-Whitemane,Mooliciousqt-Whitemane,Xgf-Whitemane,,,DEATHKNIGHT,DRUID,PRIEST,,,TROLL,TAUREN,UNDEAD,,,HORDE,
YES,1671509236,1671509607,559,371,,GOLD,GOLD,Cope,Cax,Opsec,,,DEATHKNIGHT,DRUID,PALADIN,,,HUMAN,NIGHTELF,HUMAN,,,1455,1468,13,1459,1416,1405,-11,1472,,Peartree-Whitemane,Wingz-Whitemane,Wrecklin-Whitemane,,,DRUID,PRIEST,SHAMAN,,,TAUREN,TROLL,ORC,,,HORDE,
YES,1671509607,1671509863,562,256,,GOLD,GREEN,Cax,Cope,Opsec,,,DRUID,DEATHKNIGHT,PALADIN,,,NIGHTELF,HUMAN,HUMAN,,,1471,1458,-13,1491,1400,1422,22,1456,,Kimorokai-Faerlina,Karthoni-Faerlina,Choclitmilc-Faerlina,,,WARRIOR,SHAMAN,DRUID,,,ORC,TROLL,TAUREN,,,HORDE,
YES,1671509863,1671510048,559,185,,GOLD,GOLD,Cax,Cope,Opsec,,,DRUID,DEATHKNIGHT,PALADIN,,,NIGHTELF,HUMAN,HUMAN,,,1458,1469,11,1454,1354,1345,-9,1428,,Argoroth-Grobbulus,Drekshak-Grobbulus,Staysmallx-Grobbulus,,,PRIEST,DEATHKNIGHT,ROGUE,,,DWARF,HUMAN,HUMAN,,,ALLIANCE,
YES,1672630464,1672630595,572,131,,GREEN,GREEN,Opsec,Luvana,Cope,,,PALADIN,SHAMAN,DEATHKNIGHT,,,HUMAN,DRAENEI,HUMAN,,,1006,1094,88,1551,1312,1312,0,1422,,Bazathebald-Eranikus,Henrìette-Eranikus,Lupsy-Eranikus,,,PALADIN,PRIEST,WARRIOR,,,HUMAN,HUMAN,HUMAN,,,ALLIANCE,
YES,1672630595,1672630800,562,205,,GOLD,GOLD,Cope,Luvana,Opsec,,,DEATHKNIGHT,SHAMAN,PALADIN,,,HUMAN,DRAENEI,HUMAN,,,1044,1134,90,1584,942,942,0,1513,,Gf,Spotlight,Yop,,,WARRIOR,PALADIN,WARLOCK,,,HUMAN,HUMAN,HUMAN,,,ALLIANCE,
YES,1672630800,1672631136,572,336,,GREEN,GOLD,Cope,Luvana,Opsec,,,DEATHKNIGHT,SHAMAN,PALADIN,,,HUMAN,DRAENEI,HUMAN,,,1084,1084,0,1619,1469,1488,19,1484,,Gelocoman-Faerlina,Sliceytouch-Faerlina,Beetlepally-Faerlina,,,SHAMAN,DEATHKNIGHT,PALADIN,,,ORC,ORC,BLOODELF,,,HORDE,
YES,1672631136,1672631291,617,155,,GOLD,GOLD,Cope,Luvana,Opsec,,,DEATHKNIGHT,SHAMAN,PALADIN,,,HUMAN,DRAENEI,HUMAN,,,1074,1162,88,1508,892,892,0,1494,,Howboutdeez-Faerlina,Oghiero-Faerlina,Ogpaulwalker-Faerlina,,,PALADIN,DEATHKNIGHT,DEATHKNIGHT,,,BLOODELF,ORC,ORC,,,HORDE,
YES,1672631291,1672631668,617,377,,GREEN,GREEN,Cope,Opsec,Luvana,,,DEATHKNIGHT,PALADIN,SHAMAN,,,HUMAN,HUMAN,DRAENEI,,,1114,1199,85,1557,1462,1453,-9,1472,,Hdk-Grobbulus,Laselle-Grobbulus,Pícklez-Grobbulus,,,DEATHKNIGHT,DRUID,PALADIN,,,HUMAN,NIGHTELF,DWARF,,,ALLIANCE,
YES,1672631668,1672631896,559,228,,GREEN,GOLD,Cope,Luvana,Opsec,,,DEATHKNIGHT,SHAMAN,PALADIN,,,HUMAN,DRAENEI,HUMAN,,,1152,1152,0,1585,1199,1286,87,1560,,Tsxwell-Eranikus,Yujíro-Eranikus,Lunayaga-Eranikus,,,HUNTER,DRUID,PRIEST,,,NIGHTELF,NIGHTELF,HUMAN,,,ALLIANCE,
YES,1672631896,1672632126,559,230,,GREEN,GREEN,Cope,Luvana,Opsec,,,DEATHKNIGHT,SHAMAN,PALADIN,,,HUMAN,DRAENEI,HUMAN,,,1145,1227,82,1534,1450,1441,-9,1455,,Crushi-Grobbulus,Dagosto-Grobbulus,Enhei-Grobbulus,,,PALADIN,WARRIOR,SHAMAN,,,BLOODELF,TAUREN,ORC,,,HORDE,
YES,1672632126,1672632346,572,220,,GREEN,GREEN,Cope,Opsec,Luvana,,,DEATHKNIGHT,PALADIN,SHAMAN,,,HUMAN,HUMAN,DRAENEI,,,1184,1266,82,1561,1453,1445,-8,1484,,Collapsed-Grobbulus,Sooppy-Grobbulus,Tsimxx-Grobbulus,,,ROGUE,MAGE,PRIEST,,,UNDEAD,UNDEAD,UNDEAD,,,HORDE,
YES,1672632347,1672632523,617,176,,GOLD,GOLD,Luvana,Cope,Opsec,,,SHAMAN,DEATHKNIGHT,PALADIN,,,DRAENEI,HUMAN,HUMAN,,,1222,1306,84,1586,1427,1427,0,1554,,Accierro,Pillcosbyy,Shapeshifta,,,SHAMAN,WARLOCK,DRUID,,,ORC,ORC,TAUREN,,,HORDE,
YES,1672632523,1672632722,562,199,,GOLD,GOLD,Luvana,Cope,Opsec,,,SHAMAN,DEATHKNIGHT,PALADIN,,,DRAENEI,HUMAN,HUMAN,,,1262,1346,84,1618,1550,1540,-10,1607,,Beserkin-Faerlina,Cryptlicker-Faerlina,Sealofdank-Faerlina,,,WARRIOR,DEATHKNIGHT,PALADIN,,,ORC,ORC,BLOODELF,,,HORDE,
YES,1672632722,1672632991,562,269,,GOLD,GREEN,Cope,Luvana,Opsec,,,DEATHKNIGHT,SHAMAN,PALADIN,,,HUMAN,DRAENEI,HUMAN,,,1304,1304,0,1654,1562,1577,15,1623,,Unholyboners-Grobbulus,Mallara-Grobbulus,Rapidheal-Grobbulus,,,DEATHKNIGHT,MAGE,PALADIN,,,HUMAN,HUMAN,HUMAN,,,ALLIANCE,
YES,1672632991,1672633193,559,202,,GREEN,GOLD,Cope,Luvana,Opsec,,,DEATHKNIGHT,SHAMAN,PALADIN,,,HUMAN,DRAENEI,HUMAN,,,1297,1297,0,1605,1494,1519,25,1561,,Babasaur-Whitemane,Apecuck-Whitemane,Ryuevil-Whitemane,,,PALADIN,ROGUE,DRUID,,,BLOODELF,ORC,TAUREN,,,HORDE,
YES,1672633193,1672633409,562,216,,GREEN,GOLD,Cope,Luvana,Opsec,,,DEATHKNIGHT,SHAMAN,PALADIN,,,HUMAN,DRAENEI,HUMAN,,,1289,1289,0,1557,1451,1479,28,1548,,Haffro-Ashkandi,Atomos-Ashkandi,Bigmommy-Ashkandi,,,ROGUE,PRIEST,DRUID,,,UNDEAD,UNDEAD,TAUREN,,,HORDE,
YES,1672633409,1672633641,617,232,,GREEN,GREEN,Cope,Luvana,Opsec,,,DEATHKNIGHT,SHAMAN,PALADIN,,,HUMAN,DRAENEI,HUMAN,,,1281,1335,54,1521,1434,1425,-9,1459,,Aciddagger-Eranikus,Frawssty-Eranikus,Raylol-Eranikus,,,ROGUE,MAGE,PRIEST,,,HUMAN,HUMAN,HUMAN,,,ALLIANCE,
YES,1672633641,1672633861,617,220,,GOLD,GREEN,Cope,Luvana,Opsec,,,DEATHKNIGHT,SHAMAN,PALADIN,,,HUMAN,DRAENEI,HUMAN,,,1318,1318,0,1542,1433,1460,27,1521,,Dranes-Benediction,Jakum-Benediction,Nethes-Benediction,,,PRIEST,ROGUE,DRUID,,,DWARF,GNOME,NIGHTELF,,,ALLIANCE,
YES,1672633861,1672634286,562,425,,GREEN,GOLD,Cope,Luvana,Opsec,,,DEATHKNIGHT,SHAMAN,PALADIN,,,HUMAN,DRAENEI,HUMAN,,,1310,1310,0,1505,1460,1477,17,1489,,Scrubalub-Faerlina,Hownganne-Faerlina,Partypal-Faerlina,,,WARRIOR,PRIEST,PALADIN,,,ORC,TROLL,BLOODELF,,,HORDE,
YES,1672634287,1672634631,562,344,,GREEN,GOLD,Cope,Luvana,Opsec,,,DEATHKNIGHT,SHAMAN,PALADIN,,,HUMAN,DRAENEI,HUMAN,,,1300,1300,0,1470,1257,1307,50,1457,,Aylez-Whitemane,Krvr-Whitemane,Thrazil-Whitemane,,,WARRIOR,PALADIN,SHAMAN,,,ORC,BLOODELF,ORC,,,HORDE,
YES,1672634631,1672634809,562,178,,GOLD,GOLD,Luvana,Cope,Opsec,,,SHAMAN,DEATHKNIGHT,PALADIN,,,DRAENEI,HUMAN,HUMAN,,,1291,1327,36,1437,1379,1369,-10,1418,,Blaceck-Sulfuras,Hisume-Sulfuras,Tosan-Sulfuras,,,WARRIOR,DRUID,PRIEST,,,HUMAN,NIGHTELF,HUMAN,,,ALLIANCE,
YES,1672634809,1672635000,562,191,,GREEN,GREEN,Cope,Luvana,Opsec,,,DEATHKNIGHT,SHAMAN,PALADIN,,,HUMAN,DRAENEI,HUMAN,,,1328,1363,35,1464,1341,1333,-8,1460,,Howboutdeez-Faerlina,Oghiero-Faerlina,Ogpaulwalker-Faerlina,,,PALADIN,DEATHKNIGHT,DEATHKNIGHT,,,BLOODELF,ORC,ORC,,,HORDE,
YES,1672635000,1672635243,617,243,,GOLD,GREEN,Cope,Luvana,Opsec,,,DEATHKNIGHT,SHAMAN,PALADIN,,,HUMAN,DRAENEI,HUMAN,,,1365,1365,0,1493,1439,1465,26,1543,,Gf,Spotlight,Yop,,,WARRIOR,PALADIN,WARLOCK,,,HUMAN,HUMAN,HUMAN,,,ALLIANCE,
YES,1672635243,1672635449,572,206,,GREEN,GREEN,Cope,Luvana,Opsec,,,DEATHKNIGHT,SHAMAN,PALADIN,,,HUMAN,DRAENEI,HUMAN,,,1357,1390,33,1473,1465,1453,-12,1494,,Eucalyptuss-Grobbulus,Stonedcow-Grobbulus,Stråndberg-Grobbulus,,,SHAMAN,DRUID,WARLOCK,,,TROLL,TAUREN,UNDEAD,,,HORDE,
YES,1672635450,1672635676,559,226,,GREEN,GOLD,Cope,Luvana,Opsec,,,DEATHKNIGHT,SHAMAN,PALADIN,,,HUMAN,DRAENEI,HUMAN,,,1394,1385,-9,1506,1493,1505,12,1492,,Yvonel-Grobbulus,Artemisses-Grobbulus,Vrynne-Grobbulus,,,PALADIN,HUNTER,PRIEST,,,HUMAN,NIGHTELF,HUMAN,,,ALLIANCE,
YES,1672635676,1672635954,572,278,,GREEN,GREEN,Cope,Luvana,Opsec,,,DEATHKNIGHT,SHAMAN,PALADIN,,,HUMAN,DRAENEI,HUMAN,,,1386,1415,29,1474,1538,1524,-14,1533,,Elumitree-Whitemane,Herselff-Whitemane,Thatswasup-Whitemane,,,DRUID,PALADIN,SHAMAN,,,TAUREN,BLOODELF,ORC,,,HORDE,
YES,1672635955,1672636244,559,289,,GREEN,GREEN,Cope,Luvana,Opsec,,,DEATHKNIGHT,SHAMAN,PALADIN,,,HUMAN,DRAENEI,HUMAN,,,1423,1449,26,1516,1489,1478,-11,1493,,Tryagain-Benediction,Bernheals-Benediction,Gavinbelson-Benediction,,,ROGUE,PRIEST,MAGE,,,HUMAN,DWARF,HUMAN,,,ALLIANCE,
YES,1672636244,1672636535,559,291,,GREEN,GOLD,Cope,Luvana,Opsec,,,DEATHKNIGHT,SHAMAN,PALADIN,,,HUMAN,DRAENEI,HUMAN,,,1453,1443,-10,1541,1474,1494,20,1523,,Bwomsandï-Faerlina,Vhorladeath-Faerlina,Naddya-Faerlina,,,DRUID,WARLOCK,PALADIN,,,TAUREN,UNDEAD,BLOODELF,,,HORDE,
YES,1672636535,1672636692,562,157,,GREEN,GREEN,Cope,Luvana,Opsec,,,DEATHKNIGHT,SHAMAN,PALADIN,,,HUMAN,DRAENEI,HUMAN,,,1445,1467,22,1508,1349,1349,0,1509,,Apeduck-Whitemane,Ryushin-Whitemane,,,,PALADIN,HUNTER,,,,BLOODELF,ORC,,,,HORDE,
YES,1672636692,1672636942,562,250,,GOLD,GREEN,Cope,Luvana,Opsec,,,DEATHKNIGHT,SHAMAN,PALADIN,,,HUMAN,DRAENEI,HUMAN,,,1471,1462,-9,1537,1537,1549,12,1559,,Layonmyform-Benediction,Crocs-Benediction,Pourpoise-Benediction,,,DRUID,WARRIOR,PRIEST,,,NIGHTELF,HUMAN,HUMAN,,,ALLIANCE,
YES,1672636942,1672637240,559,298,,GREEN,GOLD,Cope,Luvana,Opsec,,,DEATHKNIGHT,SHAMAN,PALADIN,,,HUMAN,DRAENEI,HUMAN,,,1464,1455,-9,1512,1560,1570,10,1559,,Àcè-Whitemane,Absorbedlol-Whitemane,Spiz-Whitemane,,,ROGUE,PRIEST,DRUID,,,UNDEAD,TROLL,TAUREN,,,HORDE,
YES,1672637241,1672637549,559,308,,GOLD,GOLD,Cope,Luvana,Opsec,,,DEATHKNIGHT,SHAMAN,PALADIN,,,HUMAN,DRAENEI,HUMAN,,,1457,1474,17,1492,1408,1399,-9,1491,,Aylez-Whitemane,Krvr-Whitemane,Thrazil-Whitemane,,,WARRIOR,PALADIN,SHAMAN,,,ORC,BLOODELF,ORC,,,HORDE,
YES,1672637550,1672637782,572,232,,GREEN,GOLD,Cope,Luvana,Opsec,,,DEATHKNIGHT,SHAMAN,PALADIN,,,HUMAN,DRAENEI,HUMAN,,,1477,1467,-10,1521,1255,1320,65,1522,,Milhair-Sulfuras,Odinrok-Sulfuras,Geturhairdid-Sulfuras,,,WARRIOR,PALADIN,SHAMAN,,,HUMAN,DWARF,DRAENEI,,,ALLIANCE,
YES,1672637782,1672637987,617,205,,GREEN,GOLD,Cope,Luvana,Opsec,,,DEATHKNIGHT,SHAMAN,PALADIN,,,HUMAN,DRAENEI,HUMAN,,,1469,1463,-6,1493,1068,1156,88,1656,,Alabamaman-Benediction,Lootlord-Benediction,Wombos-Benediction,,,WARRIOR,SHAMAN,PALADIN,,,GNOME,DRAENEI,HUMAN,,,ALLIANCE,
YES,1672637988,1672638300,559,312,,GREEN,GREEN,Cope,Luvana,Opsec,,,DEATHKNIGHT,SHAMAN,PALADIN,,,HUMAN,DRAENEI,HUMAN,,,1464,1480,16,1486,1162,1162,0,1509,,Muffinslol-OldBlanchy,Cakeslol-OldBlanchy,Chowedbread-OldBlanchy,,,DEATHKNIGHT,PRIEST,PALADIN,,,ORC,UNDEAD,BLOODELF,,,HORDE,
YES,1672638300,1672638511,617,211,,GREEN,GREEN,Cope,Luvana,Opsec,,,DEATHKNIGHT,SHAMAN,PALADIN,,,HUMAN,DRAENEI,HUMAN,,,1482,1501,19,1517,1536,1523,-13,1548,,Jpally-Atiesh,Líberius-Atiesh,Nrdkingprime-Atiesh,,,PALADIN,PRIEST,DEATHKNIGHT,,,HUMAN,HUMAN,HUMAN,,,ALLIANCE,
YES,1672638511,1672638702,559,191,,GOLD,GREEN,Cope,Luvana,Opsec,,,DEATHKNIGHT,SHAMAN,PALADIN,,,HUMAN,DRAENEI,HUMAN,,,1501,1498,-3,1552,836,930,94,1824,,Barquillita-Benediction,Miráge-Benediction,Warnie-Benediction,,,ROGUE,PRIEST,SHAMAN,,,HUMAN,HUMAN,DRAENEI,,,ALLIANCE,
YES,1672638702,1672638922,572,220,,GOLD,GREEN,Cope,Luvana,Opsec,,,DEATHKNIGHT,SHAMAN,PALADIN,,,HUMAN,DRAENEI,HUMAN,,,1499,1487,-12,1549,1539,1551,12,1513,,Baxterbb-Sulfuras,Hookedreefer-Sulfuras,Redvietnam-Sulfuras,,,PRIEST,MAGE,SHAMAN,,,HUMAN,GNOME,DRAENEI,,,ALLIANCE,
YES,1672638923,1672639194,617,271,,GOLD,GOLD,Cope,Opsec,Luvana,,,DEATHKNIGHT,PALADIN,SHAMAN,,,HUMAN,HUMAN,DRAENEI,,,1487,1502,15,1513,1403,1395,-8,1488,,Hilites-Faerlina,Potsndots-Faerlina,Shneebs-Faerlina,,,PALADIN,WARLOCK,SHAMAN,,,BLOODELF,UNDEAD,TROLL,,,HORDE,
YES,1672639194,1672639487,559,293,,GREEN,GREEN,Cope,Luvana,Opsec,,,DEATHKNIGHT,SHAMAN,PALADIN,,,HUMAN,DRAENEI,HUMAN,,,1502,1515,13,1537,1499,1488,-11,1544,,Bluna,Dreico,Drtoto,,,PALADIN,DEATHKNIGHT,PALADIN,,,BLOODELF,ORC,BLOODELF,,,HORDE,
YES,1672639488,1672639773,559,285,,GOLD,GOLD,Luvana,Cope,Opsec,,,SHAMAN,DEATHKNIGHT,PALADIN,,,DRAENEI,HUMAN,HUMAN,,,1519,1534,15,1568,1552,1541,-11,1612,,Gurrpah-Whitemane,Ilrotyoudead-Whitemane,Pricus-Whitemane,,,DRUID,WARLOCK,PALADIN,,,TAUREN,ORC,BLOODELF,,,HORDE,
YES,1672639773,1672639958,562,185,,GREEN,GOLD,Cope,Luvana,Opsec,,,DEATHKNIGHT,SHAMAN,PALADIN,,,HUMAN,DRAENEI,HUMAN,,,1539,1530,-9,1606,1584,1597,13,1616,,Drwolf-Whitemane,Inve-Whitemane,Prtyboiswack-Whitemane,,,PALADIN,DEATHKNIGHT,WARRIOR,,,BLOODELF,ORC,ORC,,,HORDE,
YES,1672639959,1672640132,562,173,,GOLD,GREEN,Cope,Luvana,Opsec,,,DEATHKNIGHT,SHAMAN,PALADIN,,,HUMAN,DRAENEI,HUMAN,,,1529,1519,-10,1579,1494,1520,26,1583,,Merb-Mankrik,Syntaxsample-Mankrik,Beanncheese-Mankrik,,,PRIEST,ROGUE,SHAMAN,,,UNDEAD,UNDEAD,TROLL,,,HORDE,
YES,1672640133,1672640390,572,257,,GREEN,GREEN,Cope,Luvana,Opsec,,,DEATHKNIGHT,SHAMAN,PALADIN,,,HUMAN,DRAENEI,HUMAN,,,1519,1531,12,1551,1324,1324,0,1520,,Deathmiri-Pagle,Thorin-Pagle,Troppo-Pagle,,,DEATHKNIGHT,HUNTER,DRUID,,,HUMAN,DWARF,NIGHTELF,,,ALLIANCE,
YES,1672640390,1672640701,572,311,,GOLD,GREEN,Cope,Luvana,Opsec,,,DEATHKNIGHT,SHAMAN,PALADIN,,,HUMAN,DRAENEI,HUMAN,,,1534,1523,-11,1573,1314,1374,60,1555,,Alabamaman-Benediction,Lootlord-Benediction,Wombos-Benediction,,,WARRIOR,SHAMAN,PALADIN,,,GNOME,DRAENEI,HUMAN,,,ALLIANCE,
YES,1672640701,1672641260,617,559,,GREEN,GREEN,Cope,Luvana,Opsec,,,DEATHKNIGHT,SHAMAN,PALADIN,,,HUMAN,DRAENEI,HUMAN,,,1522,1535,13,1542,1571,1558,-13,1556,,Boshea-Eranikus,Brotherdylan-Eranikus,Slimreap-Eranikus,,,ROGUE,PRIEST,MAGE,,,UNDEAD,UNDEAD,UNDEAD,,,HORDE,
YES,1672641260,1672641552,572,292,,GOLD,GREEN,Cope,Luvana,Opsec,,,DEATHKNIGHT,SHAMAN,PALADIN,,,HUMAN,DRAENEI,HUMAN,,,1535,1526,-9,1574,1589,1600,11,1637,,Formito-Whitemane,Móngolórian-Whitemane,Wongers-Whitemane,,,DRUID,PRIEST,SHAMAN,,,TAUREN,UNDEAD,ORC,,,HORDE,
YES,1672641553,1672641786,562,233,,GOLD,GREEN,Cope,Luvana,Opsec,,,DEATHKNIGHT,SHAMAN,PALADIN,,,HUMAN,DRAENEI,HUMAN,,,1527,1515,-12,1556,1545,1557,12,1540,,Hookedreefer-Sulfuras,Baxterbb-Sulfuras,Redvietnam-Sulfuras,,,MAGE,PRIEST,SHAMAN,,,GNOME,HUMAN,DRAENEI,,,ALLIANCE,
YES,1672641786,1672641993,559,207,,GREEN,GREEN,Cope,Luvana,Opsec,,,DEATHKNIGHT,SHAMAN,PALADIN,,,HUMAN,DRAENEI,HUMAN,,,1515,1531,16,1524,916,916,0,1649,,Trainwrécks-Atiesh,Bigmeatmoney-Atiesh,Limepurple-Atiesh,,,WARLOCK,PRIEST,DRUID,,,HUMAN,NIGHTELF,NIGHTELF,,,ALLIANCE,
YES,1672641993,1672642185,617,192,,GREEN,GOLD,Cope,Luvana,Opsec,,,DEATHKNIGHT,SHAMAN,PALADIN,,,HUMAN,DRAENEI,HUMAN,,,1533,1522,-11,1560,1493,1514,21,1551,,Thatswasup-Whitemane,Boyzinmouth-Whitemane,Saltsniffer-Whitemane,,,SHAMAN,PRIEST,ROGUE,,,ORC,UNDEAD,UNDEAD,,,HORDE,
YES,1672642186,1672642499,559,313,,GREEN,GOLD,Cope,Luvana,Opsec,,,DEATHKNIGHT,SHAMAN,PALADIN,,,HUMAN,DRAENEI,HUMAN,,,1521,1511,-10,1529,1581,1591,10,1568,,Poolpooper-Whitemane,Cakex-Whitemane,Rapidxyz-Whitemane,,,SHAMAN,DRUID,PALADIN,,,ORC,TAUREN,BLOODELF,,,HORDE,
YES,1672642499,1672642697,617,198,,GOLD,GOLD,Cope,Luvana,Opsec,,,DEATHKNIGHT,SHAMAN,PALADIN,,,HUMAN,DRAENEI,HUMAN,,,1510,1522,12,1507,1475,1464,-11,1503,,Dundada-Grobbulus,Hematøcrit-Grobbulus,Kittyfufu-Grobbulus,,,PRIEST,ROGUE,DRUID,,,UNDEAD,ORC,TAUREN,,,HORDE,
YES,1672642697,1672642955,572,258,,GREEN,GOLD,Cope,Luvana,Opsec,,,DEATHKNIGHT,SHAMAN,PALADIN,,,HUMAN,DRAENEI,HUMAN,,,1523,1511,-12,1535,1504,1517,13,1519,,Kanze-Westfall,Spacepopé-Westfall,Theziuzt-Westfall,,,MAGE,PRIEST,ROGUE,,,HUMAN,DWARF,NIGHTELF,,,ALLIANCE,
YES,1672642955,1672643206,559,251,,GOLD,GREEN,Cope,Luvana,Opsec,,,DEATHKNIGHT,SHAMAN,PALADIN,,,HUMAN,DRAENEI,HUMAN,,,1511,1498,-13,1503,1427,1449,22,1484,,Spacious-Whitemane,Gzardeth-Whitemane,Pyrrha-Whitemane,,,PALADIN,DEATHKNIGHT,WARRIOR,,,BLOODELF,TROLL,ORC,,,HORDE,
YES,1672643206,1672643555,559,349,,GOLD,GREEN,Cope,Luvana,Opsec,,,DEATHKNIGHT,SHAMAN,PALADIN,,,HUMAN,DRAENEI,HUMAN,,,1498,1483,-15,1470,1348,1373,25,1415,,Blastoîse-Faerlina,Malazann-Faerlina,Swatuniverse-Faerlina,,,SHAMAN,PRIEST,DRUID,,,TAUREN,UNDEAD,TAUREN,,,HORDE,
YES,1672643556,1672643795,559,239,,GOLD,GOLD,Cope,Luvana,Opsec,,,DEATHKNIGHT,SHAMAN,PALADIN,,,HUMAN,DRAENEI,HUMAN,,,1483,1494,11,1430,1419,1407,-12,1452,,Fadeadx-Sulfuras,Nickeo-Sulfuras,Sebasqt-Sulfuras,,,PRIEST,SHAMAN,WARRIOR,,,UNDEAD,ORC,ORC,,,HORDE,
YES,1672643796,1672644229,562,433,,GREEN,GOLD,Cope,Luvana,Opsec,,,DEATHKNIGHT,SHAMAN,PALADIN,,,HUMAN,DRAENEI,HUMAN,,,1494,1483,-11,1463,1152,1234,82,1533,,Acidgg-Benediction,Colddrinksx-Benediction,Kamoroth-Benediction,,,SHAMAN,MAGE,PALADIN,,,DRAENEI,GNOME,HUMAN,,,ALLIANCE,
YES,1674253498,1674253621,562,123,,GREEN,GREEN,Cope,Luvana,,,,DEATHKNIGHT,SHAMAN,,,,HUMAN,DRAENEI,,,,0,96,96,1520,0,0,0,1484,,Megakek-Pagle,Runcmc-Pagle,,,,PALADIN,PRIEST,,,,Human,Dwarf,,,,ALLIANCE,
YES,1674253622,1674254150,562,528,,GREEN,GREEN,Cope,Luvana,,,,DEATHKNIGHT,SHAMAN,,,,HUMAN,DRAENEI,,,,96,192,96,1549,287,287,0,1146,,Mamajujú-Whitemane,Tiamät-Whitemane,,,,PRIEST,MAGE,,,,Undead,Undead,,,,HORDE,
YES,1674254150,1674254332,559,182,,GREEN,GREEN,Cope,Luvana,,,,DEATHKNIGHT,SHAMAN,,,,HUMAN,DRAENEI,,,,192,288,96,1551,514,514,0,1166,,Fialja-Eranikus,Darksing-Eranikus,,,,HUNTER,ROGUE,,,,Dwarf,Human,,,,ALLIANCE,
YES,1674254332,1674254542,562,210,,GOLD,GOLD,Cope,Luvana,,,,DEATHKNIGHT,SHAMAN,,,,HUMAN,DRAENEI,,,,288,384,96,1553,480,480,0,1393,,Kathygriffin-Benediction,Flamingyon-Benediction,,,,PRIEST,SHAMAN,,,,Human,Draenei,,,,ALLIANCE,
YES,1674254542,1674254705,559,163,,GOLD,GREEN,Cope,Luvana,,,,DEATHKNIGHT,SHAMAN,,,,HUMAN,DRAENEI,,,,384,384,0,1567,667,762,95,1371,,Brokenstep-Pagle,Elú-Pagle,,,,ROGUE,ROGUE,,,,Human,Human,,,,ALLIANCE,
YES,1674254786,1674254900,572,114,,GREEN,GREEN,Cope,Luvana,,,,DEATHKNIGHT,SHAMAN,,,,HUMAN,DRAENEI,,,,384,479,95,1510,1210,1206,-4,1197,,Yeezzius-Azuresong,Steezyy-Azuresong,,,,DRUID,PALADIN,,,,Tauren,BloodElf,,,,HORDE,
YES,1674254900,1674255087,559,187,,GOLD,GOLD,Cope,Luvana,,,,DEATHKNIGHT,SHAMAN,,,,HUMAN,DRAENEI,,,,479,574,95,1513,1081,1081,0,1218,,Tylernolp-Pagle,Glizzywizzy-Pagle,,,,PALADIN,WARLOCK,,,,Dwarf,Gnome,,,,ALLIANCE,
YES,1674255087,1674255336,559,249,,GREEN,GOLD,Cope,Luvana,,,,DEATHKNIGHT,SHAMAN,,,,HUMAN,DRAENEI,,,,574,574,0,1516,432,528,96,1606,,Bloodgut-Sulfuras,Sleeploves-Sulfuras,,,,WARRIOR,PALADIN,,,,Orc,BloodElf,,,,HORDE,
YES,1674255336,1674255485,562,149,,GOLD,GOLD,Cope,Luvana,,,,DEATHKNIGHT,SHAMAN,,,,HUMAN,DRAENEI,,,,574,669,95,1499,845,845,0,1410,,Haniah-Faerlina,Oppressio-Faerlina,,,,HUNTER,DEATHKNIGHT,,,,Orc,Orc,,,,HORDE,
YES,1674255485,1674255724,562,239,,GOLD,GREEN,Cope,Luvana,,,,DEATHKNIGHT,SHAMAN,,,,HUMAN,DRAENEI,,,,669,669,0,1516,853,947,94,1386,,Dumi-Eranikus,Gashoneitor-Eranikus,,,,HUNTER,SHAMAN,,,,Troll,Tauren,,,,HORDE,
YES,1674255724,1674255879,572,155,,GOLD,GOLD,Cope,Luvana,,,,DEATHKNIGHT,SHAMAN,,,,HUMAN,DRAENEI,,,,669,764,95,1466,620,620,0,1507,,Critinurface-Westfall,Mømmy-Westfall,,,,DEATHKNIGHT,PRIEST,,,,Human,Dwarf,,,,ALLIANCE,
YES,1674255879,1674256027,559,148,,GOLD,GOLD,Cope,Luvana,,,,DEATHKNIGHT,SHAMAN,,,,HUMAN,DRAENEI,,,,764,859,95,1500,927,927,0,1581,,Cosmiccow-Grobbulus,Buttzuggin-Grobbulus,,,,DRUID,ROGUE,,,,Tauren,Undead,,,,HORDE,
YES,1674256027,1674256220,617,193,,GREEN,GOLD,Cope,Luvana,,,,DEATHKNIGHT,SHAMAN,,,,HUMAN,DRAENEI,,,,859,859,0,1540,1350,1392,42,1505,,Baesbooty-Earthfury,Deltalore-Earthfury,,,,MAGE,PRIEST,,,,Troll,Undead,,,,HORDE,
YES,1674256220,1674256388,617,168,,GOLD,GOLD,Cope,Luvana,,,,DEATHKNIGHT,SHAMAN,,,,HUMAN,DRAENEI,,,,859,953,94,1508,1067,1067,0,1518,,Prezzy-Grobbulus,Dirtyzug-Grobbulus,,,,SHAMAN,DRUID,,,,Orc,Tauren,,,,HORDE,
YES,1674256389,1674256583,562,194,,GREEN,GOLD,Cope,Luvana,,,,DEATHKNIGHT,SHAMAN,,,,HUMAN,DRAENEI,,,,953,953,0,1535,1508,1521,13,1559,,Whiteclass-Benediction,Sidetalknyc-Benediction,,,,PRIEST,ROGUE,,,,Human,Human,,,,ALLIANCE,
YES,1674256584,1674256753,562,169,,GOLD,GREEN,Cope,Luvana,,,,DEATHKNIGHT,SHAMAN,,,,HUMAN,DRAENEI,,,,953,953,0,1512,1137,1223,86,1578,,Fups-Eranikus,Bonkyboy-Eranikus,,,,WARLOCK,SHAMAN,,,,Undead,Orc,,,,HORDE,
YES,1674256754,1674256977,559,223,,GREEN,GOLD,Cope,Luvana,,,,DEATHKNIGHT,SHAMAN,,,,HUMAN,DRAENEI,,,,953,953,0,1495,861,955,94,1564,,Meltman-Whitemane,Localmilf-Whitemane,,,,SHAMAN,PALADIN,,,,Troll,BloodElf,,,,HORDE,
YES,1674256977,1674257158,572,181,,GREEN,GOLD,Cope,Luvana,,,,DEATHKNIGHT,SHAMAN,,,,HUMAN,DRAENEI,,,,953,953,0,1478,938,1030,92,1800,,Raìnsoft-Earthfury,Gdubya-Earthfury,,,,ROGUE,MAGE,,,,Undead,Troll,,,,HORDE,
YES,1674257198,1674257292,572,94,,GREEN,GOLD,Luvana,Cope,,,,SHAMAN,DEATHKNIGHT,,,,DRAENEI,HUMAN,,,,953,953,0,1478,1041,1130,89,1482,,Getezd-Eranikus,Nellia-Eranikus,,,,HUNTER,PALADIN,,,,NightElf,Human,,,,ALLIANCE,
YES,1674257293,1674257503,559,210,,GREEN,GOLD,Cope,Luvana,,,,DEATHKNIGHT,SHAMAN,,,,HUMAN,DRAENEI,,,,953,953,0,1452,1376,1403,27,1479,,Zorpoh-Faerlina,Valhallah-Faerlina,,,,DEATHKNIGHT,PALADIN,,,,Orc,BloodElf,,,,HORDE,
YES,1674257503,1674257662,559,159,,GOLD,GREEN,Cope,Luvana,,,,DEATHKNIGHT,SHAMAN,,,,HUMAN,DRAENEI,,,,953,953,0,1430,859,952,93,1501,,Nopaa-Faerlina,Hastatii-Faerlina,,,,WARRIOR,PALADIN,,,,Orc,BloodElf,,,,HORDE,
YES,1674257663,1674258142,562,479,,GREEN,GOLD,Luvana,Cope,,,,SHAMAN,DEATHKNIGHT,,,,DRAENEI,HUMAN,,,,953,953,0,1413,857,949,92,1440,,Joberg-Earthfury,Dhaverik-Earthfury,,,,SHAMAN,DEATHKNIGHT,,,,Draenei,Human,,,,ALLIANCE,
YES,1674258142,1674259176,562,1034,,GOLD,GREEN,Cope,Luvana,,,,DEATHKNIGHT,SHAMAN,,,,HUMAN,DRAENEI,,,,953,953,0,1391,576,671,95,1660,,Mìnatosensei-Pagle,Realmayo-Pagle,,,,WARRIOR,PALADIN,,,,Human,Dwarf,,,,ALLIANCE,
YES,1674259176,1674259378,572,202,,GREEN,GREEN,Cope,Luvana,,,,DEATHKNIGHT,SHAMAN,,,,HUMAN,DRAENEI,,,,953,1044,91,1389,1045,1045,0,1462,,Chikon-Eranikus,Brownflower-Eranikus,,,,WARRIOR,PALADIN,,,,Draenei,Human,,,,ALLIANCE,
YES,1674259378,1674259554,572,176,,GOLD,GREEN,Cope,Luvana,,,,DEATHKNIGHT,SHAMAN,,,,HUMAN,DRAENEI,,,,1044,1044,0,1427,1325,1354,29,1429,,Shwiftý-Myzrael,Æthelgwynn-Myzrael,,,,DRUID,PALADIN,,,,Tauren,BloodElf,,,,HORDE,
YES,1674259554,1674259839,559,285,,GREEN,GREEN,Cope,Luvana,,,,DEATHKNIGHT,SHAMAN,,,,HUMAN,DRAENEI,,,,1044,1129,85,1401,1038,1038,0,1394,,Lexicura-Sulfuras,Deadsurge-Sulfuras,,,,WARLOCK,SHAMAN,,,,BloodElf,Orc,,,,HORDE,
YES,1674259839,1674260114,562,275,,GOLD,GOLD,Cope,Luvana,,,,DEATHKNIGHT,SHAMAN,,,,HUMAN,DRAENEI,,,,1129,1201,72,1426,953,953,0,1425,,Roxal-Maladath,Missthicky-Maladath,,,,PALADIN,PRIEST,,,,Human,Human,,,,ALLIANCE,
YES,1674260114,1674260486,559,372,,GREEN,GOLD,Cope,Luvana,,,,DEATHKNIGHT,SHAMAN,,,,HUMAN,DRAENEI,,,,1201,1201,0,1452,765,859,94,1545,,Stellarshift-Faerlina,Victonic-Faerlina,,,,DRUID,PRIEST,,,,Tauren,Troll,,,,HORDE,
YES,1674260486,1674260640,559,154,,GREEN,GOLD,Cope,Luvana,,,,DEATHKNIGHT,SHAMAN,,,,HUMAN,DRAENEI,,,,1201,1201,0,1438,672,767,95,1623,,Beyondtilted-Benediction,Yearfive-Benediction,,,,WARLOCK,SHAMAN,,,,Human,Draenei,,,,ALLIANCE,
YES,1674260640,1674260763,572,123,,GOLD,GREEN,Cope,Luvana,,,,DEATHKNIGHT,SHAMAN,,,,HUMAN,DRAENEI,,,,1201,1201,0,1432,947,1037,90,1432,,Xkf-Grobbulus,Brettqt-Grobbulus,,,,MAGE,ROGUE,,,,Human,Human,,,,ALLIANCE,
YES,1674853779,1674853960,559,181,,GOLD,GOLD,Cope,Luvana,Opsec,,,DEATHKNIGHT,SHAMAN,PALADIN,,,HUMAN,DRAENEI,HUMAN,,,0,96,96,1376,0,0,0,1393,,Divyne-Grobbulus,Konvergence-Grobbulus,Stickpaladin-Grobbulus,,,PRIEST,HUNTER,PALADIN,,,Human,NightElf,Human,,,ALLIANCE,
YES,1674854016,1674854169,562,153,,GOLD,GOLD,Cope,Luvana,Opsec,,,DEATHKNIGHT,SHAMAN,PALADIN,,,HUMAN,DRAENEI,HUMAN,,,96,192,96,1400,0,0,0,1363,,Diestamomo,Especialiced,Viejoculero,,,SHAMAN,PALADIN,DEATHKNIGHT,,,Draenei,Human,Gnome,,,ALLIANCE,
YES,1674854169,1674854408,559,239,,GREEN,GREEN,Cope,Luvana,Opsec,,,DEATHKNIGHT,SHAMAN,PALADIN,,,HUMAN,DRAENEI,HUMAN,,,192,288,96,1414,380,380,0,1149,,Anhura-Grobbulus,Drib-Grobbulus,Meltycanon-Grobbulus,,,PRIEST,ROGUE,MAGE,,,BloodElf,Undead,Undead,,,HORDE,
YES,1674854408,1674854772,572,364,,GOLD,GREEN,Cope,Luvana,Opsec,,,DEATHKNIGHT,SHAMAN,PALADIN,,,HUMAN,DRAENEI,HUMAN,,,288,288,0,1416,384,480,96,1401,,Smackkbar-Westfall,Bestrafe-Westfall,Leerion-Westfall,,,PRIEST,DEATHKNIGHT,DRUID,,,Troll,Troll,Tauren,,,HORDE,
YES,1674854772,1674855122,572,350,,GOLD,GREEN,Cope,Luvana,Opsec,,,DEATHKNIGHT,SHAMAN,PALADIN,,,HUMAN,DRAENEI,HUMAN,,,288,288,0,1391,383,479,96,1437,,Mizoshock-Whitemane,Holynacho-Whitemane,Hoofe-Whitemane,,,SHAMAN,PALADIN,WARRIOR,,,Orc,BloodElf,Tauren,,,HORDE,
YES,1674861200,1674861420,559,220,,GOLD,GOLD,Cope,Luvana,Opsec,,,DEATHKNIGHT,SHAMAN,PALADIN,,,HUMAN,DRAENEI,HUMAN,,,288,384,96,1370,347,347,0,1460,,Cheddeath-Atiesh,Nachtung-Atiesh,Portespp-Atiesh,,,DEATHKNIGHT,WARRIOR,PALADIN,,,Human,Human,Human,,,ALLIANCE,
YES,1674861526,1674861659,617,133,,GOLD,GREEN,Cope,Luvana,Opsec,,,DEATHKNIGHT,SHAMAN,PALADIN,,,HUMAN,DRAENEI,HUMAN,,,384,384,0,1401,288,384,96,1379,,Gankhiskhann-Sulfuras,Reagonx-Sulfuras,Nahmsayin-Sulfuras,,,DEATHKNIGHT,WARRIOR,PALADIN,,,BloodElf,Orc,BloodElf,,,HORDE,
YES,1674861889,1674862005,572,116,,GOLD,GOLD,Cope,Luvana,Opsec,,,DEATHKNIGHT,SHAMAN,PALADIN,,,HUMAN,DRAENEI,HUMAN,,,384,479,95,1368,578,578,0,1146,,Madgeadin-Earthfury,Madgelock-Earthfury,Ouchskie-Earthfury,,,PALADIN,WARLOCK,MAGE,,,BloodElf,Undead,Undead,,,HORDE,
YES,1674862136,1674862451,562,315,,GOLD,GREEN,Cope,Luvana,Opsec,,,DEATHKNIGHT,SHAMAN,PALADIN,,,HUMAN,DRAENEI,HUMAN,,,479,479,0,1370,572,667,95,1370,,Malignent-Grobbulus,Shagui-Grobbulus,Fresço-Grobbulus,,,WARLOCK,SHAMAN,PALADIN,,,Orc,Tauren,BloodElf,,,HORDE,
YES,1674862452,1674862689,559,237,,GREEN,GREEN,Cope,Luvana,Opsec,,,DEATHKNIGHT,SHAMAN,PALADIN,,,HUMAN,DRAENEI,HUMAN,,,479,575,96,1341,319,319,0,1437,,Feralswagx-Westfall,Lableak-Earthfury,Noveng-Sulfuras,,,DRUID,PRIEST,SHAMAN,,,NightElf,Dwarf,Draenei,,,ALLIANCE,
YES,1674862690,1674863121,617,431,,GREEN,GOLD,Cope,Luvana,Opsec,,,DEATHKNIGHT,SHAMAN,PALADIN,,,HUMAN,DRAENEI,HUMAN,,,575,575,0,1387,384,480,96,1561,,Bobbyyacht-Sulfuras,Joystik-Sulfuras,Bosar-Benediction,,,WARLOCK,MAGE,SHAMAN,,,Human,Gnome,Draenei,,,ALLIANCE,
YES,1674863121,1674863466,562,345,,GREEN,GOLD,Cope,Luvana,Opsec,,,DEATHKNIGHT,SHAMAN,PALADIN,,,HUMAN,DRAENEI,HUMAN,,,575,575,0,1382,462,558,96,1502,,Draphra-Whitemane,Lexabelle-Whitemane,Cerawr-Whitemane,,,SHAMAN,PALADIN,WARRIOR,,,Orc,BloodElf,Orc,,,HORDE,
YES,1674863466,1674864286,562,820,,GREEN,GOLD,Cope,Luvana,Opsec,,,DEATHKNIGHT,SHAMAN,PALADIN,,,HUMAN,DRAENEI,HUMAN,,,575,575,0,1371,562,657,95,1650,,Xamboni-Eranikus,Pinkrangea-Eranikus,Zela-Eranikus,,,WARRIOR,PALADIN,WARRIOR,,,Orc,BloodElf,Orc,,,HORDE,
YES,1674864286,1674864577,617,291,,GOLD,GOLD,Larsar,Cope,Opsec,,,DEATHKNIGHT,DEATHKNIGHT,PALADIN,,,HUMAN,HUMAN,HUMAN,,,384,479,95,1425,608,608,0,1254,,Gorthankk-Remulos,Lichflo-Remulos,Lightpike-Remulos,,,WARRIOR,DEATHKNIGHT,PALADIN,,,Orc,Undead,BloodElf,,,HORDE,
YES,1674864578,1674864842,572,264,,GREEN,GOLD,Cope,Larsar,Opsec,,,DEATHKNIGHT,DEATHKNIGHT,PALADIN,,,HUMAN,HUMAN,HUMAN,,,478,478,0,1446,320,416,96,1534,,Durabolin-Whitemane,Verylong-Whitemane,Teejaay-Whitemane,,,DEATHKNIGHT,WARRIOR,PALADIN,,,Orc,Orc,BloodElf,,,HORDE,
YES,1674864842,1674865075,559,233,,GREEN,GOLD,Cope,Larsar,Opsec,,,DEATHKNIGHT,DEATHKNIGHT,PALADIN,,,HUMAN,HUMAN,HUMAN,,,478,478,0,1389,746,840,94,1290,,Cheddeath-Atiesh,Nachtung-Atiesh,Portespp-Atiesh,,,DEATHKNIGHT,WARRIOR,PALADIN,,,Human,Human,Human,,,ALLIANCE,
YES,1674865076,1674865374,572,298,,GREEN,GREEN,Cope,Larsar,Opsec,,,DEATHKNIGHT,DEATHKNIGHT,PALADIN,,,HUMAN,HUMAN,HUMAN,,,478,574,96,1294,414,414,0,1395,,Holyola-Benediction,Rfkw-Benediction,Scellerato-Benediction,,,PALADIN,WARRIOR,WARLOCK,,,Human,Human,Gnome,,,ALLIANCE,
YES,1674865374,1674865586,562,212,,GOLD,GOLD,Cope,Larsar,Opsec,,,DEATHKNIGHT,DEATHKNIGHT,PALADIN,,,HUMAN,HUMAN,HUMAN,,,574,670,96,1383,504,504,0,1543,,Funkytrunk-Faerlina,Onerank-Faerlina,Stopnoticing-Faerlina,,,DRUID,PRIEST,ROGUE,,,Tauren,Undead,Orc,,,HORDE,
YES,1674865586,1674865848,572,262,,GOLD,GREEN,Cope,Larsar,Opsec,,,DEATHKNIGHT,DEATHKNIGHT,PALADIN,,,HUMAN,HUMAN,HUMAN,,,669,669,0,1461,574,669,95,1438,,Kanashimi-Grobbulus,Söhö-Grobbulus,Beehaw-Grobbulus,,,SHAMAN,WARLOCK,DRUID,,,Draenei,Gnome,NightElf,,,ALLIANCE,
YES,1674865848,1674866045,559,197,,GOLD,GREEN,Cope,Larsar,Opsec,,,DEATHKNIGHT,DEATHKNIGHT,PALADIN,,,HUMAN,HUMAN,HUMAN,,,669,669,0,1396,701,795,94,1514,,Rlrrlrll-Sulfuras,Bcwrath-Sulfuras,Mcraidr-Sulfuras,,,PALADIN,DEATHKNIGHT,PRIEST,,,BloodElf,Orc,Undead,,,HORDE,
YES,1674953660,1674953814,562,154,,GREEN,GREEN,Cope,Larsar,,,,DEATHKNIGHT,DEATHKNIGHT,,,,HUMAN,HUMAN,,,,793,885,92,1384,1307,1298,-9,1317,,Hexxd-Whitemane,Thievi-Whitemane,,,,MAGE,PRIEST,,,,Troll,Undead,,,,HORDE,
YES,1674953814,1674954278,617,464,,GREEN,GREEN,Cope,Larsar,,,,DEATHKNIGHT,DEATHKNIGHT,,,,HUMAN,HUMAN,,,,865,955,90,1433,1280,1273,-7,1342,,Luvthatforme-Grobbulus,Gincie-Grobbulus,,,,ROGUE,PRIEST,,,,Undead,BloodElf,,,,HORDE,
YES,1675042208,1675042348,559,140,,GREEN,GOLD,Cope,Larsar,,,,DEATHKNIGHT,DEATHKNIGHT,,,,HUMAN,HUMAN,,,,933,933,0,1471,1308,1339,31,1399,,Lemiewinks-Eranikus,Rosas-Eranikus,,,,MAGE,PRIEST,,,,Undead,Troll,,,,HORDE,
YES,1675042483,1675042614,559,131,,GOLD,GREEN,Cope,Larsar,,,,DEATHKNIGHT,DEATHKNIGHT,,,,HUMAN,HUMAN,,,,933,933,0,1404,1327,1342,15,1329,,Antipal-Mankrik,Valnamas-Mankrik,,,,DEATHKNIGHT,SHAMAN,,,,BloodElf,Orc,,,,HORDE,
YES,1675216879,1675216981,572,102,,GOLD,GOLD,Cope,Opsec,,,,DEATHKNIGHT,PALADIN,,,,HUMAN,HUMAN,,,,836,927,91,1506,1237,1237,0,1348,,Candylicker-OldBlanchy,Nalfeign-OldBlanchy,,,,PRIEST,ROGUE,,,,Dwarf,NightElf,,,,ALLIANCE,
YES,1675216982,1675217195,559,213,,GOLD,GOLD,Cope,Opsec,,,,DEATHKNIGHT,PALADIN,,,,HUMAN,HUMAN,,,,897,988,91,1516,1359,1352,-7,1392,,Darenis-Benediction,Seacreatures-Benediction,,,,PALADIN,PRIEST,,,,Human,NightElf,,,,ALLIANCE,
YES,1675217195,1675217377,617,182,,GREEN,GREEN,Cope,Opsec,,,,DEATHKNIGHT,PALADIN,,,,HUMAN,HUMAN,,,,959,1048,89,1530,1341,1335,-6,1407,,Tycoon-Sulfuras,Zezetop-Sulfuras,,,,DRUID,PALADIN,,,,NightElf,Human,,,,ALLIANCE,
YES,1675217377,1675217564,562,187,,GREEN,GREEN,Cope,Opsec,,,,DEATHKNIGHT,PALADIN,,,,HUMAN,HUMAN,,,,1019,1108,89,1543,1405,1398,-7,1448,,Kírbyy-Whitemane,Shortpoke-Whitemane,,,,WARLOCK,PALADIN,,,,BloodElf,BloodElf,,,,HORDE,
YES,1675217564,1675217868,559,304,,GREEN,GOLD,Cope,Opsec,,,,DEATHKNIGHT,PALADIN,,,,HUMAN,HUMAN,,,,1080,1080,0,1558,1179,1265,86,1565,,Squeets-Atiesh,Melxt-Atiesh,,,,ROGUE,PRIEST,,,,Gnome,Human,,,,ALLIANCE,
YES,1675217868,1675218113,572,245,,GREEN,GREEN,Opsec,Cope,,,,PALADIN,DEATHKNIGHT,,,,HUMAN,HUMAN,,,,1076,1163,87,1532,1432,1423,-9,1480,,Hithin-Grobbulus,Kushu-Grobbulus,,,,DRUID,WARRIOR,,,,NightElf,Human,,,,ALLIANCE,
YES,1675218229,1675218275,562,46,,GOLD,GOLD,Cope,Opsec,,,,DEATHKNIGHT,PALADIN,,,,HUMAN,HUMAN,,,,1136,1222,86,1552,1271,1271,0,1516,,Bigmountain-Benediction,Spight-Benediction,,,,DRUID,ROGUE,,,,NightElf,Human,,,,ALLIANCE,
